time_s,hip_fl_rad,knee_fl_rad,hip_fr_rad,knee_fr_rad,hip_rl_rad,knee_rl_rad,hip_rr_rad,knee_rr_rad,hip_fl_deg,knee_fl_deg,hip_fr_deg,knee_fr_deg,hip_rl_deg,knee_rl_deg,hip_rr_deg,knee_rr_deg
0,-0.823419272003502,1.64683854400701,-0.823419272003502,1.64683854400701,-0.823419272003502,1.64683854400701,-0.823419272003502,1.64683854400701,-47.1784490555354,94.3568981110709,-47.1784490555354,94.3568981110709,-47.1784490555354,94.3568981110709,-47.1784490555354,94.3568981110709
0.025,-0.836719259954771,1.61965132838948,-0.839524735571847,1.62029565082479,-0.843364962712234,1.62776007828836,-0.843522056256394,1.62806212659411,-47.940482232718,92.7991853994743,-48.1012241451033,92.8361023556632,-48.321252952619,93.2637825458076,-48.3302537496882,93.2810886389362
0.05,-0.860835493382948,1.62833468951089,-0.854104319084578,1.60564581782621,-0.854667513676477,1.62551285699081,-0.854846111406804,1.6257530863203,-49.3222406259048,93.2967053437194,-48.9365727474413,91.9967287542735,-48.9688414206017,93.135026249826,-48.9790743167801,93.1487903765208
0.075,-0.855103028991238,1.59699618706176,-0.867810168686775,1.59023661320095,-0.868941489706714,1.62008089236835,-0.869106442291681,1.62018253697069,-48.9937946100508,91.5011414171238,-49.7218600842882,91.1138463635925,-49.7866800040052,92.8237976024949,-49.7961310909435,92.8296214092189
0.1,-0.876814244157116,1.5828066452002,-0.887497967089206,1.57404610430061,-0.885990123638582,1.61056255620139,-0.886082103284012,1.61055265882985,-50.2377556071561,90.6881405552323,-50.8498878406519,90.1861985354337,-50.7634947747647,92.2784371121409,-50.768764820249,92.2778700345233
0.125,-0.895672633831912,1.56445851067275,-0.870958158552404,1.59038981814864,-0.897943482690977,1.59281843660728,-0.899814266784523,1.59535328958477,-51.318261743935,89.6368698848711,-49.9022266175387,91.1226243604955,-51.4483717994715,91.2617739482229,-51.5555598324119,91.4070103255198
0.15,-0.912981121957587,1.54899981684822,-0.840282714872582,1.61966882582676,-0.889420929484941,1.61430017046112,-0.917302254292395,1.5813881666977,-52.3099650632884,88.7511519719403,-48.1446531599937,92.8001879287831,-50.9600654700899,92.4925866346714,-52.5575477087905,90.6068677237089
0.175,-0.932342352478946,1.53326640392199,-0.808878574835536,1.64949030157439,-0.864487539222042,1.63878719476486,-0.93982126235299,1.57029721564,-53.4192818583422,87.8496938139312,-46.3453284766332,94.5088326279737,-49.5314874390732,93.8955897801098,-53.8477918294836,89.9714030373167
0.2,-0.954512674333088,1.51712088628276,-0.777222063128464,1.67897141183383,-0.83638056702264,1.65812442355292,-0.965975595011901,1.55991548430168,-54.6895477310311,86.9246237951493,-44.5315439617114,96.1979758211998,-47.9210765571559,95.0035313771446,-55.3463247068204,89.3765736475923
0.225,-0.978672345448919,1.50075430189537,-0.745511786916093,1.70796676265309,-0.809040491145195,1.66881892345086,-0.993869090844284,1.54857558811353,-56.0737949203924,85.9868875847071,-42.7146789675485,97.8592870486445,-46.3546055978109,95.6162810853,-56.9445042938817,88.7268454558944
0.25,-1.00448753172215,1.48392569985867,-0.7138699513072,1.73661902190625,-0.783641244606534,1.67448626185496,-1.0228468410376,1.53557451309854,-57.5528961411923,85.022679712899,-40.9017353311121,99.5009405773652,-44.8993359683334,95.940995656927,-58.6048070797434,87.981938728403
0.275,-1.03173457745206,1.46624125226265,-0.682295222966363,1.76393574886782,-0.760652385819899,1.67409740458512,-1.05268876175982,1.52061718854935,-59.1140368657165,84.0094355026266,-39.0926366579101,101.066073742374,-43.582171384037,95.9187157765324,-60.3146231896905,87.1249471589269
0.3,-1.06008702224408,1.44717519335059,-0.650726847312874,1.78777598656043,-0.741939451400351,1.67180304013558,-1.08335059386635,1.50370364216207,-60.7385122911771,82.9170307950177,-37.2839019668816,102.43201874475,-42.5099992194918,95.7872583769088,-62.0714167615329,86.1558723343368
0.325,-1.08849965581186,1.42593361416371,-0.618966475241975,1.80422619459977,-0.727494915046666,1.66737513747801,-1.11391366163099,1.48431764238396,-62.3664362794625,81.6999779574163,-35.4641666914539,103.374546237516,-41.6823882494023,95.5335582425355,-63.8225515534192,85.0451363654097
0.35,-1.11468300525872,1.40303467736346,-0.586401641577232,1.80993602442681,-0.714700082872083,1.66174560901709,-1.13961446205123,1.4595272272489,-63.8666316962835,80.3879655234255,-33.5983391619186,103.701695388344,-40.9492983662205,95.2110100210757,-65.2950989476075,83.6247502057936
0.375,-1.13111049679896,1.37628288408592,-0.552018256287571,1.79683830322857,-0.689135754413361,1.65535492266898,-1.13137901041311,1.47233607606726,-64.8078576295263,78.8552006742159,-31.6283162994489,102.951251242445,-39.4845702394496,94.8448506651374,-64.8232423263587,84.3586431835067
0.4,-1.14394047030882,1.34806906523725,-0.51968155833688,1.78536340261848,-0.656939579039479,1.64898508142943,-1.11685453897003,1.48096685137247,-65.5429609629058,77.2386679302406,-29.7755599834849,102.293787867155,-37.6398652740631,94.4798856459425,-63.9910514130121,84.8531501824206
0.425,-1.15646786554225,1.31968589994056,-0.506643088021626,1.76829951495228,-0.624964647063985,1.64281896936473,-1.10783581154422,1.48188778237645,-66.2607278380739,75.6124323495177,-29.0285106631142,101.316099121796,-35.8078366216494,94.126593448631,-63.4743163949344,84.9059156421717
0.45,-1.17216546289369,1.29750198688884,-0.503174380285431,1.75789673663579,-0.595179163613984,1.64047922540174,-1.11119488169599,1.45930092044168,-67.1601339148069,74.3413877585694,-28.8297683494659,100.720063829051,-34.1012541292076,93.9925359944103,-63.6667769377193,83.6117837808646
0.475,-1.19001885577506,1.27542975516619,-0.501430751399045,1.73856813358109,-0.590068320560348,1.64133792966083,-1.12440043804622,1.4305827904666,-68.1830579768984,73.0767420364264,-28.7298657732389,99.6126164501334,-33.8084243924805,94.0417361243057,-64.4233995827094,81.9663561377845
0.5,-1.2079886159974,1.25491718776997,-0.500170482943211,1.70879023273544,-0.6028179678922,1.63630248681639,-1.13050273593497,1.41314400185773,-69.2126493965003,71.9014584976456,-28.6576577096661,97.9064684089183,-34.5389253748758,93.7532265013401,-64.7730354970664,80.9671871506751
0.525,-1.22522888019657,1.23742979364375,-0.501084801646807,1.68247221943767,-0.618509971877049,1.64120744395056,-1.12015761360121,1.43403363218011,-70.2004437728035,70.8995046195314,-28.710044312512,96.398557321787,-35.4380109753102,94.0342598438207,-64.1803036487952,82.164074803736
0.55,-1.24719913612167,1.26555889819982,-0.537601100707497,1.69084829607172,-0.647292637728056,1.63368228452165,-1.13614282432151,1.41121603885724,-71.459246712134,72.5111835920765,-30.8022741321271,96.8784711617963,-37.0871362517082,93.6030999683809,-65.0961887576958,80.8567230076899
0.575,-1.24294729742343,1.29040364148808,-0.567445346632293,1.69085428371977,-0.671328878633997,1.62420977454515,-1.1301491464744,1.40025963562324,-71.2156342995546,73.9346825255794,-32.5122234663684,96.8788142287588,-38.4643114109783,93.060365125332,-64.7527763132952,80.2289673437379
0.6,-1.23394320507113,1.32108459404878,-0.593041195826641,1.68234763788053,-0.693344933255204,1.61280312004299,-1.11216294841598,1.425761819012,-70.6997378094218,75.6925716187489,-33.9787575982579,96.3914193243576,-39.7257384223029,92.4068119639943,-63.7222430750616,81.6901348202825
0.625,-1.22535947651264,1.35158316071789,-0.617496733379735,1.66900687704312,-0.716060669732426,1.60115865484668,-1.08915581180343,1.4535363764675,-70.2079263905343,77.440010770087,-35.3799566857738,95.6270500328805,-41.0272542509791,91.739633253559,-62.4040312484813,83.2814997403265
0.65,-1.21593248546004,1.38199400260087,-0.641268372613747,1.65327441555124,-0.739285745399064,1.58947291758268,-1.06313050259928,1.48175216325491,-69.6677995897127,79.1824236614213,-36.7419712859904,94.7256463880436,-42.3579530655495,91.0700898278328,-60.9128908705609,84.898145238886
0.675,-1.20434141479696,1.41245528540308,-0.664871338209825,1.63622979132063,-0.76331067611642,1.57800920618804,-1.03456122828718,1.50857366180924,-69.0036801606805,80.9277266045427,-38.0943215986381,93.7490613562435,-43.7344801987482,90.413267547364,-59.2759920287258,86.4349039062653
0.7,-1.18949034050557,1.44285826990212,-0.688521712325224,1.61863699415802,-0.787959912575131,1.56653535583507,-1.00499972526802,1.52885263294313,-68.1527762825484,82.6696893009393,-39.4493882193559,92.7410683289961,-45.1467774160523,89.7558643473741,-57.5822426696645,87.5968033651052
0.725,-1.1712690634982,1.47325792238,-0.712237730530717,1.60111647598792,-0.812728454692528,1.55456562330447,-0.976190715963928,1.54092033088485,-67.1087740126872,84.4114610865862,-40.8082159693861,91.7372165829671,-46.5659103440712,89.0700491914701,-55.9316080245872,88.2882315256043
0.75,-1.15052696040537,1.50360018014584,-0.736085552526599,1.5839619943907,-0.837343920401104,1.54180665112446,-0.948793793319364,1.54782019813185,-65.9203390472428,86.1499443974669,-42.1745955203294,90.7543371877114,-47.9762726399216,88.3390139346309,-54.3618799854073,88.6835647980577
0.775,-1.12802230302011,1.5339228701233,-0.760050548403728,1.56738037932891,-0.861376124441946,1.52780238934664,-0.924229157761536,1.5478600036427,-64.6309171596794,87.8873065566592,-43.5476886401373,89.8042806271604,-49.3532165038591,87.5366288395655,-52.9544300426667,88.6858454858307
0.8,-1.10428157058855,1.56411485954069,-0.784493892680235,1.55079872740559,-0.885846176437631,1.51337573416333,-0.898207054107902,1.55558716482186,-63.2706733888018,89.6171801253793,-44.9481891043664,88.8542219545995,-50.7552472076775,86.7100423850714,-51.4634733292616,89.1285792090144
0.825,-1.0791169753993,1.59458602464631,-0.808508298476968,1.53564479179224,-0.907545280264855,1.49580562464401,-0.88420642746201,1.53644760508522,-61.8288482913023,91.3630492827777,-46.3241132040337,87.9859654009412,-51.9985142761936,85.7033492640313,-50.6612965119135,88.0319632143664
0.85,-1.05679654258066,1.6245250680873,-0.832610933019738,1.52074704846162,-0.929419697002571,1.47787827953805,-0.863901016527532,1.54966565694326,-60.5499816938891,93.0784301146047,-47.7050924384806,87.1323875838277,-53.2518260345751,84.6761880515855,-49.4978821640891,88.7893017992168
0.875,-1.03047509427145,1.65469147392047,-0.857035866828759,1.50571087075363,-0.950228065212126,1.45807702047397,-0.852918566307514,1.5292135230144,-59.0418737950997,94.8068378519243,-49.1045380606239,86.2708780611513,-54.4440577115368,83.5416594781684,-48.8686341177696,87.6174808430569
0.9,-1.00732169379958,1.66972119356735,-0.881300458508674,1.49091804071501,-0.972790771290585,1.43681579530912,-0.835930674719189,1.55297514918441,-57.7152816666855,95.6679773549558,-50.4947967554913,85.4233113328838,-55.7368055442267,82.3234810089456,-47.8952996269328,88.978921736966
0.925,-0.980716172420571,1.69870405577717,-0.906585405213371,1.47524500821713,-0.994443348073095,1.41634338457592,-0.820654259773763,1.53613143366126,-56.1908975799231,97.3285730377876,-51.9435174868837,84.525312718584,-56.9774068094474,81.1504982774748,-47.0200255244693,88.0138479261706
0.95,-0.95168446307504,1.68287555442589,-0.931409227477848,1.45921009581643,-1.01502564259745,1.39422233188808,-0.803239187040468,1.56121571934753,-54.5275031623736,96.421666714342,-53.3658177340211,83.606579913162,-58.1566854183881,79.8830553200751,-46.0222153569381,89.4510716280941
0.975,-0.925847221411507,1.70120456305805,-0.956616609030606,1.44489805523818,-1.03578618746837,1.37018107029409,-0.796619571350041,1.53675772386337,-53.0471382607936,97.4718415516238,-54.8100943095701,82.7865603918083,-59.3461770198839,78.5055924965695,-45.6429393158781,88.0497317115018
1,-0.891264701576948,1.67219341941681,-0.976883056427472,1.43489345637381,-1.02200021701938,1.39346289917914,-0.780873934333506,1.55989191435303,-51.0657058293459,95.8096254621327,-55.9712762111344,82.2133391011587,-58.5562990966646,79.8395430310286,-44.7407807690857,89.3752231890114
1.025,-0.865318523458084,1.68763456839668,-1.0020590403557,1.41499538164733,-1.04012605055173,1.37505803209116,-0.783144149921446,1.58942017765328,-49.5790993286404,96.694338129512,-57.4137538353112,81.0732633988952,-59.5948328582253,78.7850218243882,-44.8708545408595,91.0670680524666
1.05,-0.834319177384421,1.70720059302002,-1.02906795589204,1.39658586552713,-1.06714575675649,1.35717507073448,-0.760651140337872,1.59686147286366,-47.802967630954,97.8153887622786,-58.9612507047685,80.0184758223297,-61.142947987441,77.7604036134547,-43.5821000231733,91.4934228621322
1.075,-0.803067029438954,1.73373744919762,-1.05515609196836,1.37791490015148,-1.09229503571064,1.33736338692485,-0.74234779919423,1.58538092614242,-46.0123514529603,99.3358386228004,-60.4559907973045,78.9487083068702,-62.5838955293111,76.6252777461151,-42.5333958246545,90.8356359885024
1.1,-0.76836881157367,1.7054128989327,-1.07533852455544,1.36088616725001,-1.0867592740281,1.35624883030397,-0.720329444338185,1.61156944337074,-44.0242900126541,97.7129614360145,-61.6123590048518,77.9730337811602,-62.2667197485115,77.7073339459719,-41.2718370195817,92.3361274973909
1.125,-0.739128982984775,1.69748368565707,-1.09620194934217,1.33828852669175,-1.10719757487045,1.33626155590946,-0.695726662663855,1.63481967065723,-42.3489712408244,97.2586509804618,-62.8077451913203,76.6782843502181,-63.4377481271966,76.5621474791969,-39.8622014653608,93.6682673936265
1.15,-0.72641326771032,1.66963857991158,-1.11789573914694,1.31045646957275,-1.13372470938171,1.31556675155586,-0.667048862207947,1.61809689416798,-41.6204144221082,95.6632439411498,-64.0507077887775,75.0836249421328,-64.9576409772678,75.3764225318866,-38.2190845335189,92.7101228790519
1.175,-0.742056938743679,1.64255321804266,-1.13950332135607,1.32879219009947,-1.11735585730408,1.33816743797608,-0.662722672143653,1.59602123600243,-42.5167307484106,94.1113670194763,-65.2887310548423,76.1341843426452,-64.0197748377459,76.671346477864,-37.9712121014635,91.4452808361924
1.2,-0.751032130720765,1.62102777565365,-1.14498273459423,1.31092397075146,-1.09179799982449,1.30722820649246,-0.667637172760003,1.62334648943344,-43.0309713690174,92.8780500184337,-65.602678307597,75.11041078659,-62.5554174707683,74.8986590924738,-38.2527922451948,93.0109025319143
1.225,-0.771550853555684,1.61154452677417,-1.14246009302468,1.33193392316195,-1.11090189174112,1.3376243029038,-0.651902986743111,1.59483405787331,-44.2066075884569,92.3346998815675,-65.4581415924374,76.3141923874819,-63.6499898498651,76.6402271305164,-37.3512897923531,91.3772605398634
1.25,-0.794281889460692,1.59445494203101,-1.13116128117605,1.35568750493803,-1.13703608243006,1.3684142100995,-0.673755607373443,1.58206575864811,-45.5090000097742,91.3555388021532,-64.8107673599984,77.6751723715698,-65.1473686773314,78.4043588644299,-38.6033527257717,90.6456908826995
1.275,-0.812378209779644,1.57964841702082,-1.1149258612191,1.38119625991998,-1.12840705772997,1.39672647629972,-0.695381866266609,1.57344733659701,-46.545842788767,90.5071874098143,-63.880546317843,79.1367163726691,-64.6529619807022,80.0265322261531,-39.8424460870073,90.1518916731088
1.3,-0.82979037429072,1.56331736394351,-1.09352592147036,1.40839085647888,-1.10804381995711,1.42705783514342,-0.71740175328326,1.56515903714737,-47.5434863274392,89.5714869934804,-62.6544200884061,80.6948519810551,-63.486234399096,81.7643910747941,-41.1040926784163,89.6770070953038
1.325,-0.847646060883386,1.54625309773793,-1.06747113740221,1.4372029056055,-1.08399437996182,1.45710864206265,-0.74047043184921,1.55699479258549,-48.5665418095073,88.5937765594131,-61.1615909251765,82.3456607951342,-62.1083029877131,83.4861754822282,-42.4258305991892,89.2092303389955
1.35,-0.866394027101675,1.52915627922893,-1.03749825834208,1.46716646895639,-1.05741824607857,1.48646935677751,-0.764507055135763,1.54861909357656,-49.640721148269,87.6142010157464,-59.4442714551746,84.0624465143126,-60.5856026804278,85.1684205188775,-43.8030276672545,88.7293381353122
1.375,-0.886398983805082,1.51227525475232,-1.0051488702361,1.49770177496453,-1.02919608260008,1.5148555218995,-0.789581677622652,1.5397660128941,-50.7869207367162,86.6469895593794,-57.5907880468716,85.81199067472,-58.9685918243823,86.7948279769291,-45.2396977086371,88.2220939765184
1.4,-0.907758747192486,1.49550854077986,-0.97261538714644,1.52823363017971,-1.00017093958388,1.5419999202865,-0.815610711931588,1.53005426265735,-52.0107450302125,85.6863276124546,-55.7267567729736,87.5613371192539,-57.3055736297906,88.3500874419258,-46.7310515193404,87.6656516762675
1.425,-0.930457913142385,1.47862880398669,-0.94017501817495,1.55869569104279,-0.971118107975569,1.56821276577537,-0.842511092293968,1.51920706957393,-53.3113114376088,84.7191899349138,-53.8680605450601,89.3066846419792,-55.6409689957299,89.8519728574667,-48.2723297814013,87.044153293024
1.45,-0.954451614952936,1.46140606464316,-0.90785770687843,1.5890785531025,-0.942425552439807,1.59325538099436,-0.870216088173267,1.50703897612733,-54.6860492862488,83.732399658876,-52.0164150025591,91.0474944075288,-53.997006660086,91.2868090174847,-49.8597091167125,86.3469728938126
1.475,-0.979697938018347,1.44367545545846,-0.875673271730647,1.61939300399428,-0.91414159848178,1.61645121962433,-0.898656826070613,1.49342943443903,-56.1325570461206,82.7165105843968,-50.1723827025786,92.7843845018843,-52.3764554703487,92.6158326732484,-51.4892433644682,85.5672035939657
1.5,-1.00619738926213,1.42527337083196,-0.843631606377006,1.6496293425419,-0.886986715031505,1.63777922287713,-0.927869406965504,1.47836954786184,-57.650863761802,81.6621488010558,-48.3365305092444,94.5167990885919,-50.8205952554783,93.8378372450756,-53.1630009584299,84.7043356531475
1.525,-1.03394928835653,1.40605780252514,-0.811727479315364,1.67974162501405,-0.862199319570949,1.65626820670282,-0.957859809803817,1.4618182806188,-59.2409304533841,80.5611778361294,-46.5085586795632,96.2421057857519,-49.4003821104667,94.8971779857732,-54.8813244669625,83.7560178945279
1.55,-1.06285068992976,1.38593822812767,-0.779910665794028,1.70947181376793,-0.840360162967833,1.66925664267035,-0.98837958873485,1.44354241196325,-60.8968587855432,79.4084111375551,-44.6855895472359,97.9455201254763,-48.1490906089829,95.6413605491884,-56.6299789913829,82.7088877536295
1.575,-1.09257507904782,1.3647004854063,-0.748068927016715,1.7375638171977,-0.822687620194662,1.67673142942868,-1.018845268154,1.42302571791631,-62.5999408306126,78.1915781132356,-42.8611923029378,99.5550733600692,-47.1365284948157,96.0696342832012,-58.3755338420986,81.5333677751785
1.6,-1.12152364872896,1.342457647641,-0.715513339718906,1.75620594490276,-0.809144610428041,1.6748534772924,-1.04502842081892,1.39647316944432,-64.2585716962818,76.9171573848901,-40.9958945512036,100.623188598713,-46.3605711932839,95.9620355516647,-59.8757179841454,80.012018812417
1.625,-1.14700670329253,1.32285247808828,-0.681002063495165,1.75044588498485,-0.787673749148854,1.66762870668988,-1.05505660440631,1.36329745936881,-65.7186431718765,75.7938639128804,-39.0185440779731,100.293161475674,-45.1303814594757,95.5480866881898,-60.4502905798852,78.1111906427405
1.65,-1.17021698301806,1.30231643930475,-0.647750631926286,1.72562694100332,-0.76753266449839,1.67369647778392,-1.04551440636944,1.37790728093624,-67.0484942414675,74.6172355626676,-37.1133773863082,98.8711407335608,-43.9763823141884,95.8957443629298,-59.9035629050947,78.9482717579937
1.675,-1.18685782183369,1.27326447040898,-0.645840357744291,1.71373670190868,-0.73981629457569,1.67515566276179,-1.03046916788769,1.39789006160239,-68.00194407316,72.9526803583944,-37.0039267379671,98.1898802160364,-42.3883512941943,95.979349503691,-59.0415342383225,80.0932007530993
1.7,-1.20140572148663,1.29947011061447,-0.690902881838591,1.7099915393907,-0.752586638648705,1.64813740352081,-1.05591671504837,1.37910096217683,-68.8354773240535,74.4541529416074,-39.5858191827771,97.9752982101656,-43.1200381125079,94.4313172793925,-60.4995712895896,79.0166646551632
1.725,-1.19441961511259,1.32431369964226,-0.733585671576604,1.69564659464798,-0.779981025416673,1.61644223473029,-1.08835050637048,1.35936574118194,-68.4352029135917,75.8775857408575,-42.0313628926095,97.1533934190598,-44.6896208566616,92.6153178767408,-62.3578906459542,77.8859197843982
1.75,-1.18541923000086,1.3545339397016,-0.771256775827326,1.6795366006465,-0.81117403526031,1.59428979490159,-1.11699223616779,1.33820875782171,-67.919518832697,77.6090779521298,-44.1897581757732,96.2303587547935,-46.476848671012,91.346076568639,-63.9989408812945,76.6737139306283
1.775,-1.17095513669172,1.38396665196198,-0.801698280364879,1.66589538676614,-0.839186593669123,1.58021639553772,-1.11831568534903,1.36214353911474,-67.0907873316002,79.2954481442724,-45.9339279078034,95.4487747720138,-48.0818500412007,90.539730181687,-64.0747689337797,78.0450758822879
1.8,-1.16140248272294,1.41543827330982,-0.830132124559632,1.65112599716022,-0.865801076120736,1.56575457822627,-1.10782820632101,1.3905473218653,-66.5434605760401,81.0986392219376,-47.5630671754953,94.6025510816101,-49.6067475596031,89.7111290856514,-63.4738806477418,79.6724927561011
1.825,-1.15555482573592,1.44642597271396,-0.858046947040201,1.63519496104107,-0.892366917687401,1.55072645073414,-1.09360879950987,1.41936370472729,-66.2084145106438,82.8741036146146,-49.1624686894888,93.6897699487125,-51.1288581605862,88.8500808063677,-62.6591686502842,81.3235498749266
1.85,-1.14896305214759,1.4770932227574,-0.885799619097633,1.61832380983038,-0.919117127578174,1.53510859713483,-1.07655947576768,1.44848468248116,-65.8307337045262,84.6312076113764,-50.7525796685903,92.7231241888126,-52.6615322884166,87.9552437100744,-61.6823143563045,82.9920589955174
1.875,-1.14028726180889,1.50768142648991,-0.913799707717612,1.6006637778448,-0.9464911138071,1.51908682344814,-1.05806120579816,1.47801506969217,-65.3336475341783,86.3837825881351,-52.3568665725074,91.7112788899729,-54.2299461677833,87.0372636975134,-60.6224415587573,84.6840255500955
1.9,-1.12904601249223,1.53820892762004,-0.942314899722279,1.58232746573825,-0.974733353432421,1.50270422453035,-1.03891503507354,1.50782853766819,-64.6895713918797,88.1328795619725,-53.9906667263799,90.6606855944331,-55.8481073023113,86.0986099220681,-59.5254467823997,86.3922114377699
1.925,-1.11508970509605,1.56868619394281,-0.971466364630391,1.56333530839544,-1.00391167944003,1.48586569683048,-1.01962330386694,1.53765699473953,-63.8899338804915,89.8790982933638,-55.6609226322385,89.5725151348416,-57.5199022358044,85.1338333516517,-58.4201120047606,88.1012561373446
1.95,-1.09567782711776,1.59891344067706,-1.0009064426293,1.54363722202528,-1.03347397800497,1.46817498003363,-0.998402625737628,1.56667617218079,-62.7777151999122,91.6109919575369,-57.3477148501122,88.4438979213475,-59.2136971762806,84.1202299426306,-57.2042567095456,89.7639325296704
1.975,-1.07003151985939,1.62901439282598,-1.03005860689218,1.52260190657779,-1.0631146062492,1.44944995121447,-0.974992603129298,1.59390785864542,-61.3082900339121,93.3356494749952,-59.0180108260471,87.2386631254799,-60.9119800767917,83.0473648200323,-55.8629612157824,91.3241932331174
2,-1.04034287216419,1.65888302927637,-1.05807416890076,1.49965451604654,-1.09214783971555,1.4293669066596,-0.949737421667789,1.6152917888314,-59.607255821526,95.046996283413,-60.6231842898257,85.9238744972005,-62.5754618200315,81.8966911272647,-54.415945907201,92.5494021821764
2.025,-1.00877370324577,1.68845708281973,-1.08425215163204,1.47433506743992,-1.12031323125842,1.40811037662024,-0.923609311507593,1.63694125170941,-57.7984756797654,96.7414647345415,-62.1230722164944,84.473176952443,-64.1892198837711,80.6787816689164,-52.9189154683688,93.7898250338115
2.05,-0.976076086434631,1.71631161515459,-1.1072208178611,1.44556573458197,-1.14696599173701,1.38563493897253,-0.897212416252347,1.65315695780785,-55.9250402363509,98.3374118776397,-63.4390798524642,82.8248156002751,-65.7163105715678,79.3910339489934,-51.4064847779943,94.7189165550766
2.075,-0.94300001228543,1.73971733946628,-1.1267918445531,1.41323295428935,-1.17296391197831,1.36323105476889,-0.868844331378245,1.67524852791526,-54.0299207847399,99.6784610971463,-64.5604170826537,80.9722837495848,-67.2058816775118,78.107385939425,-49.7811132418394,95.9846702850485
2.1,-0.908906780080519,1.73681271452103,-1.14313269863272,1.37859420967648,-1.19736928926197,1.33857499757696,-0.845010825063592,1.68102593365819,-52.076522469439,99.5120383467148,-65.4966790550551,78.9876298756358,-68.6042067932897,76.6946979228942,-48.4155539190114,96.3156912506533
2.125,-0.874800378391516,1.70727337304726,-1.15738826677751,1.35297719041492,-1.1963193910656,1.33981098392805,-0.816466845475577,1.70875631069799,-50.1223695982813,97.8195587506722,-66.3134629443127,77.5198827882431,-68.5440520577193,76.7655147243472,-46.7801043581105,97.90452481934
2.15,-0.843810848139727,1.67526345201424,-1.1732830795522,1.32609490673223,-1.21536206250507,1.31343586538286,-0.793361978553449,1.72988452746625,-48.3468003057608,95.9855253729328,-67.224168632453,75.9796413895516,-69.6351167618557,75.2543317475509,-45.4562929972612,99.1150824687986
2.175,-0.854590063350702,1.65562665993417,-1.19031776166319,1.30409527270019,-1.21960911901601,1.3267550020371,-0.761209610471854,1.74654188975555,-48.9644038438129,94.8604200635689,-68.2001840227598,74.7191552086832,-69.878455175286,76.0174620645968,-43.6140980048346,100.069479025796
2.2,-0.881165103865531,1.65092594212851,-1.20065899825184,1.3287165799987,-1.21798009180744,1.34630240384525,-0.726298147224729,1.71731023832627,-50.4870415057018,94.5910887726226,-68.7926932342356,76.1298522029823,-69.785118791523,77.13744568865,-41.6138185041483,98.3946287707011
2.225,-0.906933126713544,1.64204386738487,-1.20203814724354,1.35488294381932,-1.23280245885365,1.3776324428358,-0.722560497465584,1.6966719914241,-51.9634404612896,94.0821833764928,-68.87171265078,77.6290744151078,-70.6343778656647,78.932524694789,-41.3996669476512,97.2121443266577
2.25,-0.925278689680475,1.63489491713873,-1.19335951402892,1.37714766751185,-1.21669952980801,1.4022149384949,-0.74128629260872,1.68728928003562,-53.0145637920862,93.6725786994399,-68.3744635956403,78.9047491147146,-69.7117479935506,80.3409979459543,-42.4725759773794,96.674554563708
2.275,-0.941965794304897,1.62274776097733,-1.17843892263778,1.40159077696202,-1.19696638512911,1.42904887118402,-0.760502868418439,1.67671089087888,-53.9706644593588,92.976597918305,-67.5195766810883,80.3052361243856,-68.5811220869287,81.8784690367787,-43.5736046679695,96.0684575109801
2.3,-0.958510038616992,1.6079254242819,-1.15945656419087,1.42781198982754,-1.17533721688905,1.4556630225995,-0.780814834846174,1.66564155539094,-54.9185798336752,92.1273405831348,-66.4319676568761,81.807600955294,-67.3418620323951,83.4033475882077,-44.7373946178902,95.434231305507
2.325,-0.975685197512563,1.59171507560237,-1.13777715535872,1.45517406559308,-1.15185369958362,1.48022294144364,-0.802007781893378,1.65428186573622,-55.902643950858,91.1985560193624,-65.1898290284551,83.3753324153769,-65.9963556026711,84.8105272831611,-45.9516610391392,94.783369031713
2.35,-0.993282145952894,1.57507720798028,-1.11400246527752,1.48337077265942,-1.12749548844848,1.50027493515363,-0.823946248244497,1.64261081408823,-56.9108748287983,90.2452764245195,-63.8276396275708,84.9908847264449,-64.6007329081394,85.9594218935663,-47.2086425700481,94.1146670298042
2.375,-1.01163124746191,1.55831720582503,-1.08835799943102,1.51225176564667,-1.10292260046541,1.51747308499112,-0.846642911001562,1.63058052407652,-57.962200903122,89.2849990363934,-62.3583199666992,86.6456437327612,-63.1928101362616,86.9448032946882,-48.5090655550597,93.4253821858148
2.4,-1.03092672228089,1.54140515325927,-1.06089558299255,1.54171254887597,-1.07856740875433,1.53158679973299,-0.870025595724045,1.61800633263376,-59.0677501739508,88.3160098014719,-60.7848394095439,88.33362227295,-61.7973604419844,87.7534595826489,-49.848794703343,92.7049340853547
2.425,-1.05124817075874,1.52434617505541,-1.03165252701811,1.57163189133674,-1.05474093310116,1.54373697175323,-0.894027866596967,1.60471008078131,-60.2320834053241,87.3386023475853,-59.1093357221436,90.0478743217584,-60.432203946387,88.4496131597662,-51.2240235230912,91.9431149708664
2.45,-1.07248927785318,1.50687490688144,-1.00074475531934,1.60187927231276,-1.0310001741757,1.55520896284467,-0.918543928669061,1.59048114267482,-61.4491091940208,86.3375724184757,-57.3384508496503,91.7809215930086,-59.0719586575203,89.1069098319174,-52.6286904101029,91.1278568704115
2.475,-1.09401231498783,1.48820443398601,-0.968470442910255,1.63230252221117,-1.00725536161638,1.56536476032127,-0.94319329473789,1.57495446059203,-62.6822883841393,85.2678331200539,-55.4892689619232,93.5240454112596,-57.7114811125418,89.6887941649164,-54.0409950535198,90.2382435172267
2.5,-1.11498944921861,1.46782411046234,-0.935736215533007,1.66266709199049,-0.983798670569076,1.57313318085587,-0.967016602554092,1.55739154853584,-63.8841896418427,84.1001265970364,-53.6137358875853,95.2638071063449,-56.3675117141893,90.1338918750319,-55.4059700454292,89.2319627804471
2.525,-1.13366548169197,1.44532997153943,-0.902554182962072,1.69254953782417,-0.958336635497278,1.57919646455345,-0.987106740817635,1.53548754371147,-64.9542474806153,82.8113073729729,-51.7125454656051,96.9759451341431,-54.9086445667612,90.4812924408937,-56.5570501777645,87.976955749577
2.55,-1.14611531933828,1.42082892583344,-0.868095269404953,1.72045425936322,-0.9256166189926,1.58382499751222,-0.995323574411938,1.506447543102,-65.6675706333721,81.4075008603622,-49.738195152176,98.5747679068183,-53.0339257154447,90.7464878447683,-57.0278400636794,86.3130862775969
2.575,-1.15698517462482,1.39739785953884,-0.834456464835645,1.74586020069286,-0.892774807440982,1.59321823683219,-0.995513992369156,1.48005190210534,-66.2903674652087,80.0649996521905,-47.8108336224892,100.030421119564,-51.152228521973,91.284680813759,-57.0387502089715,84.8007274509456
2.6,-1.16909397836301,1.37595669191226,-0.801610099656843,1.76709412295014,-0.860758000485339,1.60085931942673,-0.999928787676921,1.44842771446822,-66.9841508143595,78.8365112393549,-45.9288755253984,101.247035247415,-49.3178006099296,91.7224825973371,-57.2916993475206,82.9887949688089
2.625,-1.18300636854487,1.35622015620715,-0.769326551513211,1.78400503809145,-0.831244265910401,1.60857918802903,-1.0062274746277,1.41726363705307,-67.7812720547193,77.7056910412429,-44.0791644690609,102.215959312715,-47.6267881811163,92.1647984866445,-57.6525875262745,81.2032248605018
2.65,-1.19665317278169,1.33478331256006,-0.736483290757872,1.77870419074905,-0.808045645024307,1.61237079356626,-1.01326617836778,1.3864022375263,-68.5631763413299,76.4774503741829,-42.1973842423323,101.912243132153,-46.2976051138191,92.3820414815058,-58.0558755438239,79.4349969177509
2.675,-1.21049668551261,1.31441779549319,-0.708620364488343,1.76812200157954,-0.789625879879297,1.61392039355717,-1.01901892909859,1.35501369804758,-69.3563511944476,75.3105921986496,-40.6009561622041,101.305928354731,-45.2422303113878,92.4708270209187,-58.38548388129,77.6365660805407
2.7,-1.22437517460389,1.33824300526454,-0.741452581058941,1.76278034097668,-0.802389984295737,1.58636396034228,-1.0435187316407,1.33441255389071,-70.151530045396,76.675676164562,-42.4821036037589,100.999873746596,-45.9735596237141,90.8919596992712,-59.7892191658569,76.4562074672111
2.725,-1.22641610788124,1.36466971853679,-0.778559656199274,1.75373987055679,-0.83007540047199,1.56842604720186,-1.06764125026525,1.31491197933431,-70.2684669084563,78.189815301464,-44.6081823993748,100.481892946723,-47.5598171246766,89.8641929830529,-61.1713376742693,75.3389068470492
2.75,-1.21963105440147,1.39118865529799,-0.809808417180895,1.74239704828991,-0.85629581035122,1.55536088267827,-1.07337087549128,1.33854305611164,-69.8797119802945,79.7092384550549,-46.3986045186347,99.8319971030643,-49.0621359478597,89.1156141972075,-61.4996210179127,76.69286781174
2.775,-1.21234551777112,1.4219979555122,-0.838937266154286,1.72851247084569,-0.881534145610512,1.54154212346666,-1.06714817834105,1.36650773440997,-69.4622814798879,81.474481327081,-48.0675646268841,99.036469415188,-50.5081860401533,88.3238576162744,-61.1430867340165,78.2951258536753
2.8,-1.20583160496874,1.4529206949777,-0.867626364385065,1.71311243429497,-0.90693085519966,1.52699715547371,-1.05745561118686,1.39492164302549,-69.0890617681952,83.2462237894366,-49.7113288735439,98.1541123164844,-51.9633103131309,87.4904923371255,-60.5877435434339,79.9231228968151
2.825,-1.19906712978724,1.48369169171741,-0.896344629723237,1.69660479789459,-0.932821832896448,1.51183709963701,-1.04612149855144,1.42382699972948,-68.7014858896739,85.0092720340325,-51.356764272358,97.2082944210063,-53.4467540626242,86.6218851204999,-59.9383467248988,81.5792778412737
2.85,-1.19075333280261,1.51436253580477,-0.925363082200425,1.67929807507991,-0.95934297635711,1.49608694306226,-1.03356456009914,1.45309013487063,-68.2251404107263,86.7665819543426,-53.0193991273018,96.2166922465221,-54.9663036507811,85.7194676220967,-59.2188871479762,83.2559319801829
2.875,-1.1801402650327,1.54495970038586,-0.954901324942014,1.66133661644739,-0.986663164212571,1.47978390458678,-1.02040773468747,1.48270888036699,-67.6170564198242,88.5196703499059,-54.7118157706278,95.1875764729802,-56.5316351104036,84.7853723242119,-58.465056580097,84.9529610915964
2.9,-1.16711635124977,1.57550432287437,-0.985164252713427,1.64272111476367,-1.01500445912825,1.46294642076844,-1.00777965175765,1.51267928044655,-66.8708411273202,90.2697483053179,-56.445753807639,94.1209867929838,-58.1554716950077,83.8206555638016,-57.7415207248771,86.6701385264734
2.925,-1.14892815500461,1.60579421203889,-1.01609442528663,1.6233469127179,-1.04429642481806,1.44542165591763,-0.996154854095054,1.54280766007348,-65.8287342455163,92.0052311163642,-58.2179221556951,93.0109267843276,-59.8337777026757,82.8165605008908,-57.0754688811169,88.3963675226647
2.95,-1.123947133276,1.63581250439106,-1.04727931031947,1.6030054601754,-1.07410969756287,1.42693886647935,-0.984525257052134,1.57256486527893,-64.3974271325425,93.7251525763332,-60.004684452677,91.8454474044767,-61.5419524044259,81.7575746724485,-56.4091420531198,90.1013297910415
2.975,-1.09429138224934,1.66533392600991,-1.07725602997321,1.58056943044371,-1.10349004399623,1.40711850855208,-0.969674769924567,1.60115466591036,-62.6982777604242,95.4166054403198,-61.7222239724836,90.559957591821,-63.2253222556898,80.6219518147771,-55.5582718169968,91.7394047043428
3,-1.06236647526764,1.69360998110816,-1.10544569851509,1.55592084459473,-1.13206227941899,1.38608264273915,-0.949598280342739,1.62967638437649,-60.8691153290249,97.0367040587286,-63.3373730058059,89.1476976517082,-64.8623907566676,79.4166854852926,-54.4079736965197,93.3735787969125
3.025,-1.02907689379731,1.71163934875001,-1.13093996875486,1.52808817348191,-1.15994132592957,1.36427602801812,-0.924495498450623,1.65853150376761,-58.9617628090185,98.0697107318962,-64.7980870923106,87.553003064368,-66.4597424585727,78.1672584963099,-52.9696902400641,95.0268553553697
3.05,-0.996144119085953,1.69634513721375,-1.15292969010567,1.49729928914082,-1.18713808933124,1.34292497171076,-0.8946148660714,1.68732548056253,-57.0748538104024,97.1934169598883,-66.0580053183805,85.7889299357074,-68.0180022179045,76.9439330817521,-51.2576561155526,96.6766287011163
3.075,-1.01180110555301,1.67615581033162,-1.17478945202906,1.478375656333,-1.18850142797108,1.35418905732741,-0.864666252191081,1.6849952489486,-57.9719330548585,96.0366537383322,-67.3104774177516,84.704685642764,-68.0961157680145,77.5893176476603,-49.5417269379434,96.54311626435
3.1,-1.03035724303142,1.66573078965277,-1.17681506379575,1.50196770730275,-1.1694428325721,1.37422690980346,-0.860997309191431,1.65753882847841,-59.0351214164356,95.4393440520977,-67.4265364229154,86.0564105933883,-67.0041386882057,78.7374020250433,-49.3315119887894,94.9699792508716
3.125,-1.04714681091528,1.65357145910371,-1.16555421345293,1.5265784995739,-1.14759722990845,1.39811693602936,-0.880449954258351,1.63706562893339,-59.9970927960292,94.742665729932,-66.7813372245429,87.4665051209981,-65.7524778546587,80.1061997002445,-50.4460664514899,93.796951323813
3.15,-1.06350938711856,1.63797371777918,-1.14705127606959,1.55322008022447,-1.12813053879191,1.41837403300767,-0.899676377030728,1.6186280103144,-60.9345993544382,93.8489809820997,-65.721197003883,88.9929552518331,-64.6371186125961,81.2668458622885,-51.5476593314813,92.7405535926727
3.175,-1.07972816392618,1.61999448126461,-1.12417954042692,1.58122591069402,-1.11178409237317,1.43612087743883,-0.917070025288715,1.60187735987999,-61.8638668143796,92.8188466109474,-64.4107430814189,90.5975711394976,-63.7005362227653,82.2836651478695,-52.544241966999,91.7808120186824
3.2,-1.09618035974347,1.60132983912558,-1.09823617806552,1.6101081270267,-1.0966993342657,1.45335157705446,-0.935036473546304,1.58553655781116,-62.8065081984332,91.7494413902586,-62.924297911732,92.2524002383435,-62.8362432482316,83.2709115139028,-53.5736436249991,90.8445530262797
3.225,-1.11302763064077,1.58271117985753,-1.06989826981351,1.63960659301517,-1.0814630586347,1.46928347586489,-0.953201145652413,1.56904535409066,-63.7717857171618,90.6826707940076,-61.3006553686634,93.9425378415935,-61.9632689590776,84.18374207537,-54.6144026729181,89.8996766540044
3.25,-1.12995865550102,1.56438000293746,-1.03967750827598,1.66932031348902,-1.06521439932736,1.48265503527902,-0.970253362049682,1.55104156077716,-64.7418619844853,89.6323717229801,-59.5691332788914,95.6450086183763,-61.0322893580209,84.949875995308,-55.5914227038254,88.8681352819154
3.275,-1.14516148845043,1.54661913847167,-1.00808235783233,1.69864231295916,-1.04403067843435,1.49392881791455,-0.981491480723809,1.52713209772775,-65.6129201491289,88.6147491485862,-57.7588645053892,97.3250354348999,-59.8185515564683,85.595816159472,-56.2353194735201,87.4982239587602
3.3,-1.15677234820625,1.52874009281359,-0.975107933623421,1.72691063015729,-1.01434903782565,1.5066948013714,-0.984590601885418,1.49591025387519,-66.2781734096558,87.5903552906566,-55.8695691663449,98.94469070429,-58.1179188205656,86.3272531328831,-56.4128860362799,85.7093440773919
3.325,-1.17214459953692,1.51110663783499,-0.942994786336274,1.75545127686373,-0.987734317865602,1.52579887040718,-0.996352201421811,1.47355676316167,-67.1589385325174,86.5800327421486,-54.0296213599093,100.579949305143,-56.5930076939323,87.4218356601596,-57.0867760500383,84.4285834021223
3.35,-1.18685121043424,1.49297836003836,-0.909680933662901,1.77647136521414,-0.960805284214012,1.5345081263362,-1.003311076261,1.44459271595977,-68.0015652678752,85.5413589345608,-52.1208782024044,101.784311652613,-55.0500877193304,87.9208392675921,-57.4854902084836,82.7690657398359
3.375,-1.20071792462709,1.47588685373102,-0.876831535969623,1.7965754245212,-0.9315710909344,1.54481017528727,-1.00703713315304,1.41338721776498,-68.7960694668394,84.5620877576291,-50.2387463550328,102.936189401989,-53.3750918269389,88.5111031928255,-57.6989775426231,80.981122395671
3.4,-1.21310325118715,1.45752831937557,-0.844039870667531,1.80864022050063,-0.901096332953501,1.5533874704349,-1.00863135491504,1.38015333937635,-69.5056964066224,83.5102212210161,-48.3599223300174,103.627451292296,-51.6290168129508,89.002546004423,-57.7903197211935,79.0769614271517
3.425,-1.22407568168024,1.43843870087938,-0.813155311407119,1.82138371411494,-0.871011584132102,1.56256283186863,-1.00878998040635,1.34636933230552,-70.1343703648772,82.4164666486696,-46.5903674322741,104.357599692649,-49.9052876777735,89.5282554900827,-57.799408292369,77.1412804069527
3.45,-1.23241117881482,1.41643282586981,-0.791175763391446,1.82195737111193,-0.842220802364856,1.56978002480573,-1.00615162558904,1.31938948039776,-70.6119591708319,81.1556228861286,-45.3310320953709,104.390467817465,-48.2556973936281,89.94177018531,-57.6482416964788,75.5954487607504
3.475,-1.24132526373953,1.42569341674052,-0.815215774711362,1.81546254369101,-0.843700057308354,1.54433573561864,-1.0215217771927,1.29527211076371,-71.1226986152387,81.6862156588179,-46.7084232834488,104.01834161758,-48.3404524587144,88.4839198021794,-58.5288865138448,74.2136252677625
3.5,-1.24329812056326,1.45260516465459,-0.844466855834661,1.80502396683253,-0.865609600234962,1.5301673000981,-1.04114732330172,1.2796477319081,-71.2357349848223,83.2281452336138,-48.3843867780086,103.420255219466,-49.5957767994697,87.6721282445493,-59.653347476531,73.3184143018226
3.525,-1.23762061777864,1.4798682511096,-0.872014001208533,1.79268689992031,-0.888522883945153,1.51842573488676,-1.04809287064924,1.30222581163,-70.9104380370895,84.7902050239865,-49.9627219455648,102.713393353825,-50.9086112508495,86.9993861130621,-60.0512980259522,74.6120429793972
3.55,-1.22999328024585,1.51028532300124,-0.898892632095856,1.77900232488879,-0.911216386696869,1.50579762328667,-1.04627311036517,1.32885312704388,-70.4734237875392,86.5329748685231,-51.5027540544984,101.929324960089,-52.2088531808914,86.2758486151566,-59.9470334419495,76.1376757723761
3.575,-1.2210227684722,1.54099084387862,-0.926137100662171,1.76444324644019,-0.934209121405584,1.49198356200043,-1.04116378667692,1.35574727475179,-69.9594513228368,88.2922716225483,-53.0637471184251,101.095151211385,-53.5262398391647,85.4843612055199,-59.6542907584469,77.6785969296406
3.6,-1.2120608740677,1.57170426717648,-0.954144268950162,1.74898222812933,-0.958022727792007,1.47722644771755,-1.03576890566007,1.38333004672822,-69.4459725970165,90.0520211519143,-54.6684396574396,100.209300115198,-54.8906589800925,84.6388408393188,-59.3451868452062,79.258973351162
3.625,-1.20240650319137,1.60233200147172,-0.982989087505324,1.73271670207886,-0.982711691334843,1.46155535554744,-1.03032314610096,1.41130181468772,-68.8928178919489,91.8068610630797,-56.321126021471,99.2773541209455,-56.3052323916494,83.7409533976107,-59.0331678062258,80.8616376007606
3.65,-1.19107866124683,1.63285060886909,-1.01270485769208,1.7156643066964,-1.00835149461226,1.44502726981572,-1.02548482100649,1.43968637203689,-68.2437803575357,93.5554484635659,-58.023714238153,98.3003238349422,-57.7742849069911,82.7939638417526,-58.7559521984005,82.4879529402152
3.675,-1.17464833862287,1.66306177656334,-1.04315452706822,1.69776267978343,-1.03483987227248,1.42759021964102,-1.02154527037351,1.46831260577493,-67.3023922151446,95.2864208666081,-59.7683517809741,97.2746361664111,-59.2919571530704,81.7948944595845,-58.5302325739526,84.1281153167597
3.7,-1.15074924814381,1.69270349576188,-1.07388752866145,1.67887709285513,-1.06175701225522,1.4090868008957,-1.01784193787567,1.49675696833295,-65.9330751964929,96.9847662741966,-61.5292230640351,96.1925717417919,-60.8341956706444,80.7347266589147,-58.3180472516929,85.7578572422743
3.725,-1.12089191799497,1.72100872369792,-1.10352366929891,1.6576220670245,-1.08865066888997,1.38944204532701,-1.0147956904246,1.52530181581753,-64.2223761914357,98.6065363730871,-63.2272488436182,94.9747484682552,-62.3750886914895,79.6091650752627,-58.1435101293943,87.3933565299854
3.75,-1.08909256128558,1.73368505086348,-1.13048728837958,1.63422433582749,-1.11291478399749,1.36717117388128,-1.00585469066763,1.55336890552557,-62.4004072607566,99.3328364194008,-64.7721504173385,93.6341572204852,-63.7653200807698,78.3331381353438,-57.6312285786921,89.001482313471
3.775,-1.08983493411279,1.70529613742048,-1.14895063787999,1.61082112994463,-1.11291827855736,1.36557178855267,-0.98051380822725,1.58047728261144,-62.4429420905809,97.7062714941547,-65.8300224193872,92.2932522963216,-63.7655203043018,78.2415001061995,-56.1793029657212,90.5546779099405
3.8,-1.10088072279634,1.68324178913404,-1.14575785253557,1.62276646945414,-1.09551045853243,1.38377983119257,-0.947310586739989,1.58292722322315,-63.0758191635416,96.44265041743,-65.6470892942609,92.9776698350674,-62.7681256863498,79.28474410266,-54.2768985082631,90.6950491670491
3.825,-1.10983537044522,1.66425253532305,-1.12594950363085,1.65055896950945,-1.07294765124854,1.40607517212682,-0.927087785800344,1.5562269989143,-63.5888826808493,95.3546463179579,-64.5121545028978,94.5700627903537,-61.475372055016,80.5621730409975,-53.1182173644882,89.1652390020994
3.85,-1.12389109223896,1.64482473746601,-1.09769587420891,1.67838457522537,-1.07327424864421,1.41650324639704,-0.943907198822583,1.53900425948166,-64.3942162176406,94.2415154955163,-62.893340781094,96.1643525602709,-61.4940847073876,81.1596576851299,-54.0818987445499,88.1784487209557
3.875,-1.13962989421624,1.62599515959406,-1.06561034843385,1.70808237516873,-1.06893335999415,1.43607977100154,-0.961612529842972,1.52508550674256,-65.2959831455311,93.1626601534405,-61.0549755707248,97.8659111578497,-61.2453701084029,82.2813099225018,-55.0963394869002,87.3809629329193
3.9,-1.15322709022016,1.60595714252036,-1.03262961316987,1.73387889744203,-1.05870703542125,1.44752763313131,-0.97658310233586,1.50855137647542,-66.0750450897678,92.0145663453064,-59.1653186348601,99.3439430102249,-60.659444870445,82.9372241069855,-55.9540901076373,86.4336270506925
3.925,-1.16063670610564,1.58377068863819,-0.998552235921881,1.75766123095824,-1.03737948165472,1.4590597049462,-0.982087100417326,1.48378669139938,-66.499584807819,90.7433761754964,-57.2128287416754,100.706570347676,-59.4374660522847,83.5979631510204,-56.2694459681535,85.0147151148649
3.95,-1.16536625257085,1.56275838778405,-0.964440716925392,1.77706752947305,-1.00776010631085,1.47520659125984,-0.982244387392277,1.45595472524278,-66.7705678592865,89.5394600186948,-55.2583826703963,101.818469348546,-57.7404008532671,84.5231115890697,-56.2784578479905,83.4200609185406
3.975,-1.17605924115181,1.54440399456374,-0.932784409620087,1.80123263628756,-0.983845202769218,1.49691402754851,-0.995119700022114,1.4343671540375,-67.3832309753568,88.4878307516474,-53.4446098668332,103.2030279805,-56.3701778128689,85.7668560724594,-57.0161589215917,82.1831841985399
4,-1.18774737524241,1.52311641897494,-0.900269238065205,1.81177274573461,-0.968902874100366,1.51235020482292,-1.00733631066548,1.41530603557702,-68.0529117291315,87.2681425143439,-51.5816277665946,103.806931767422,-55.5140454440464,86.6512838820991,-57.7161191514114,81.0910625579555
4.025,-1.19972273933408,1.50318286138839,-0.867898749803524,1.81824378527166,-0.952431230458656,1.52508423089593,-1.01725669831175,1.39382506952258,-68.7390495497165,86.1260337939534,-49.7269354084225,104.177695021957,-54.5702897817328,87.3808898322917,-58.2845154946761,79.8602938631726
4.05,-1.20916605030191,1.48457981786647,-0.834567344583393,1.81505058299606,-0.927740943769443,1.53143487866104,-1.0182170197333,1.36377288577547,-69.2801114128026,85.0601579140489,-47.8171865640687,103.994738008434,-53.1556405594729,87.7447551464071,-58.3395378591067,78.1384305693115
4.075,-1.21860067036243,1.46823659577698,-0.802376184198093,1.81901892484864,-0.898092917085675,1.54056387263104,-1.01604286966656,1.33164177836891,-69.82067532358,84.1237602646763,-45.9727689363622,104.222107248252,-51.4569337596018,88.2678079720882,-58.2149682362547,76.2974537238341
4.1,-1.22952079673576,1.45001409365623,-0.77146791804584,1.8272609112014,-0.875049509490172,1.5508063899682,-1.01872813579118,1.30315805470236,-70.4463524765216,83.0796878009892,-44.2018557337711,104.694338281069,-50.1366437587798,88.854660987097,-58.3688226520648,74.665456572924
4.125,-1.23679262764668,1.42767416444298,-0.751457982858522,1.81629932882903,-0.847784126781795,1.55546222519278,-1.01838511722284,1.28062960384915,-70.8629976970498,81.799704142449,-43.0553708992075,104.066285874348,-48.5744524027808,89.1214206955741,-58.3491691358046,73.3746714200669
4.15,-1.24282840435962,1.45399769122779,-0.777840079884582,1.80665371642008,-0.859858353035431,1.53795759845461,-1.04166252543507,1.25395530498273,-71.2088222287846,83.3079311291179,-44.5669537135054,103.513632992496,-49.2662546080002,88.118479461525,-59.6828663843683,71.8463466735506
4.175,-1.23923510702436,1.48106410150255,-0.804873559440433,1.79632993096373,-0.881831045838119,1.52742489746093,-1.05252169624929,1.27482104221659,-71.0029414569389,84.8587222044316,-46.1158579976088,102.922123657248,-50.5251971701316,87.5150001477139,-60.3050510410346,73.0418653534796
4.2,-1.2319447155722,1.51148519231736,-0.831019289628992,1.78444883347297,-0.903488415045981,1.51611630387967,-1.05200317107881,1.30049557298584,-70.5852327957314,86.6017223163043,-47.613897989701,102.241386915044,-51.7660730210987,86.8670654632791,-60.2753417371947,74.5129076075362
4.225,-1.22358140670095,1.5421599766582,-0.857353095065204,1.77134280004295,-0.925300912218975,1.50342299060674,-1.04810216861918,1.32657824216683,-70.1060504946447,88.3592579965084,-49.1227138997146,101.490466513347,-53.0158370497524,86.1397921847025,-60.051830760388,76.0073344700431
4.25,-1.21495709843362,1.57280307843465,-0.8843453039705,1.75697092577114,-0.9479539488498,1.48970904848052,-1.04390293282531,1.35353573341591,-69.6119140297072,90.1149783994887,-50.6692535497236,100.667018773879,-54.3137604418539,85.3540411803835,-59.8112322722188,77.551884944876
4.275,-1.20507566969395,1.60334696452896,-0.912101527812867,1.74154858658915,-0.971558973923433,1.47509814729708,-1.03953616551871,1.381027496208,-69.0457498673643,91.865014162621,-52.2595680311115,99.7833838285321,-55.6662287538735,84.5168982076895,-59.5610349354352,79.1270469242376
4.3,-1.19359065300154,1.63382876502422,-0.940682884737562,1.7253080706071,-0.99613778535392,1.45966362465378,-1.03524975677477,1.40900667631233,-68.387706883252,93.6114926829591,-53.8971591556536,98.8528708056458,-57.0744909142883,83.6325652014296,-59.3154418051392,80.7301358584522
4.325,-1.18026489450165,1.66419258060519,-0.970135649320061,1.70838685982549,-1.02169726030161,1.44341818339088,-1.03135454161152,1.43739764834835,-67.6241971623981,95.3512111656626,-55.5846782612232,97.8833568436081,-58.5389409553615,82.7017699807374,-59.0922624159899,82.3568187323903
4.35,-1.16086765450962,1.69394732619659,-1.00018630765517,1.69093449108341,-1.04775940969503,1.42611692278666,-1.02670554041968,1.46575490629595,-66.5128171766523,97.0560325085349,-57.3064541554146,96.8834097721814,-60.0321921206436,81.7104807678601,-58.8258942687463,83.9815699313515
4.375,-1.13488955440254,1.72217636749811,-1.03084154293001,1.67288645649731,-1.07440266762337,1.40781241169751,-1.02244644226834,1.49426280162926,-65.024381680748,98.673437434813,-59.0628697566434,95.8493335618912,-61.5587383524158,80.6617095364012,-58.5818659201422,85.6149520167509
4.4,-1.10381888042576,1.74036735448172,-1.0617395029716,1.6541080293595,-1.10109168071263,1.38809729557555,-1.01750916849075,1.52244358510199,-63.2441631952517,99.715704214151,-60.8331924625903,94.773408941001,-63.0879061618003,79.5321165900027,-58.2989809703858,87.2295919731103
4.425,-1.07017455987976,1.71606480908144,-1.09141972125061,1.63313739858681,-1.12641045316745,1.36564166517656,-1.01092143321758,1.55031984588336,-61.3164856233808,98.3232709312899,-62.5337437050048,93.5718803039989,-64.5385649659134,78.2455037418349,-57.9215315426835,88.8267840644885
4.45,-1.07503022518145,1.68869747356223,-1.11629308665101,1.62111800703325,-1.1223548468868,1.3740035038413,-0.991418525779924,1.56984707356003,-61.5946947518956,96.7552381095205,-63.9588825647346,92.8832198956646,-64.3061958426655,78.7246018062937,-56.8040972582716,89.9456117959528
4.475,-1.08838573666166,1.67070764002582,-1.10973529720496,1.64611409581076,-1.10402480526874,1.3981383726668,-0.960527391592425,1.5898243580473,-62.3599091929499,95.7244965737416,-63.5831489065402,94.3153902869502,-63.2559618196513,80.1074279290966,-55.0341656449556,91.090225883206
4.5,-1.09809882554582,1.64999049530561,-1.08217035571046,1.67499344405246,-1.08568741878786,1.42235603937162,-0.927136361036499,1.60456575192926,-62.9164281920477,94.5374916177119,-62.0037940963805,95.9700550562884,-62.2053069669967,81.4949980209373,-53.1210005205087,91.9348455367822
4.525,-1.10812883840728,1.63144598271965,-1.04960720767968,1.70328840633296,-1.06758198003558,1.44839143995311,-0.89549669990254,1.58481577444537,-63.4911055974714,93.474969313409,-60.1380631465572,97.5912369764425,-61.1679417402585,82.9867165921892,-51.3081814723088,90.8032551814768
4.55,-1.12425603936728,1.61115289129798,-1.01794343555834,1.71225549639111,-1.08393261108194,1.43600231199555,-0.91306398426855,1.57059231518808,-64.415126147839,92.3122608216743,-58.3238626405402,98.1050133912883,-62.1047638915902,82.2768718483732,-52.3147127239873,89.9883109959575
4.575,-1.142147021422,1.59599746987223,-0.986423517348818,1.74051284851196,-1.08017043874869,1.45113903944836,-0.931308539618568,1.55760700450357,-65.4402039109187,91.4439191372363,-56.517904356537,99.7240404080282,-61.8892072950944,83.1441424470594,-53.3600487446361,89.2443074980689
4.6,-1.15586443459729,1.57747326504334,-0.953258975667192,1.75870567694429,-1.06784786147276,1.45676894999903,-0.945892989698507,1.54072011747975,-66.2261537916997,90.3825603817051,-54.6177160886941,100.766412694606,-61.1831756244596,83.4667125606488,-54.1956761807359,88.2767601424903
4.625,-1.16298738900025,1.55534747160928,-0.919458473717328,1.7776283915002,-1.0447924718474,1.46551388730307,-0.951916643713208,1.51606817911921,-66.6342690166539,89.1148457995555,-52.6810899815432,101.85060437559,-59.8621991038972,83.9677605602767,-54.5408061330253,86.8643081176144
4.65,-1.16798019936865,1.5334175482837,-0.88575316882163,1.79246967608197,-1.0136761366657,1.48352949889104,-0.954035830370912,1.48877969405432,-66.9203359786719,87.8583537479543,-50.7499182638181,102.700947344679,-58.0793644240712,84.9999790696143,-54.6622265845122,85.3007930940903
4.675,-1.17874404419938,1.5136752158393,-0.854425702263088,1.81284265945329,-0.987354755066396,1.50474173766217,-0.969104827668535,1.46810906250918,-67.5370588588065,86.7272014211456,-48.9549866471764,103.868233307946,-56.5712603474776,86.215350825224,-55.52561653116,84.1164531466841
4.7,-1.18992298362193,1.49142032458154,-0.822011868962091,1.81755656525374,-0.967184391442995,1.51823684507506,-0.981862031563634,1.44879951480838,-68.1775649071513,85.4520900785535,-47.0978108011887,104.138320215333,-55.4155836406125,86.9885635240581,-56.2565504727371,83.0100975591214
4.725,-1.20025373783992,1.47113004510025,-0.789514761898696,1.81762917904741,-0.943050631516701,1.52874567834276,-0.98913789432838,1.42443976547996,-68.7694735230289,84.2895426991345,-45.2358637200714,104.142480679245,-54.0328210530539,87.5906753179045,-56.6734267014734,81.6143867326065
4.75,-1.20754258216737,1.45142209428897,-0.756362275490183,1.81259903585595,-0.913345605646362,1.53416855430244,-0.98999419271318,1.39730307552684,-69.1870935405197,83.1603602947973,-43.3363661684987,103.854274704028,-52.3308484403566,87.9013832232166,-56.7224889849263,80.0595689283376
4.775,-1.21632460487148,1.43302174829415,-0.724767856755033,1.81497113608449,-0.883632184278582,1.54423516968681,-0.992235415877178,1.37003635411579,-69.6902663770535,82.1060981277132,-41.5261393188056,103.990186035706,-50.628394801089,88.4781577987227,-56.8509016131703,78.4973008703254
4.8,-1.22459960350354,1.41234685272303,-0.692419005287388,1.80673003154534,-0.853581610264224,1.5526063956638,-0.996307486980031,1.34401917761996,-70.1643888741469,80.9215138696146,-39.672686657614,103.518005527086,-48.9066237381207,88.9577937165545,-57.084214101241,77.0066264622672
4.825,-1.23295330676328,1.39099323766401,-0.664668647423346,1.800252122522,-0.82479108682252,1.56322393332864,-1.00087022287795,1.31817611623466,-70.6430208142347,79.6980418493856,-38.0827082720267,103.146848679979,-47.2570482549386,89.5661338135711,-57.3456396112244,75.5259281151922
4.85,-1.23894661165117,1.36361310255741,-0.673932570696392,1.79397625290401,-0.812493513064601,1.55200579754387,-1.00880647309219,1.29445164876394,-70.9864118896459,78.1292756652797,-38.6134919773052,102.787267838093,-46.5524491803591,88.923381979099,-57.8003532536603,74.1666162579248
4.875,-1.24262142381415,1.38876318585954,-0.701157462564731,1.78588482729017,-0.830041563999173,1.53696808381336,-1.03237667738722,1.26635425949201,-71.196963117088,79.5702692928942,-40.1733633790611,102.323663300177,-47.5578784375906,88.0617844488148,-59.1508264820269,72.5567544373069
4.9,-1.23831197602097,1.4168007897161,-0.726945953683517,1.77525013919782,-0.85121924531374,1.52694062448075,-1.04204534843147,1.28584878420271,-70.9500499465068,81.1767056615343,-41.6509350801781,101.714340556047,-48.7712701967884,87.4872533498175,-59.7048005263625,73.6737084268432
4.925,-1.2318125772448,1.44759419429393,-0.752027734240246,1.76289871264109,-0.872233110742019,1.51603403616015,-1.03690419354421,1.31157176748916,-70.5776618272597,82.9410377806831,-43.088015248752,101.00665594338,-49.9752759970846,86.86235187016,-59.4102340494993,75.1475268056424
4.95,-1.22568753149661,1.4783487080355,-0.777266446499525,1.74947584739616,-0.893412256214074,1.50388758301317,-1.02912096016309,1.33773612506358,-70.2267225565641,84.7031416190519,-44.5340869415538,100.237582415873,-51.188751646327,86.1664113687847,-58.9642876257958,76.646634068328
4.975,-1.21894206964725,1.5089996857601,-0.803070658366201,1.73492520781215,-0.915374627090296,1.49084611043478,-1.02104053769141,1.36483296910074,-69.840236061729,86.4593132806213,-46.0125593751757,99.4038921784933,-52.4471028056356,85.4191900314075,-58.5013135214862,78.1991688697814
5,-1.21040811217499,1.53960338318524,-0.829603277155893,1.71939358021191,-0.93836911762728,1.47711486210859,-1.01258752094019,1.39265060651116,-69.3512763160247,88.212775980577,-47.5327664512545,98.5139954680306,-53.7645900654583,84.6324474548709,-58.0169913374878,79.7930020894237
5.025,-1.19937203760861,1.57013270685042,-0.856931645358866,1.70308387511001,-0.962450898764664,1.46276717344243,-1.00364314155527,1.42109982453186,-68.718955820979,89.9619773779807,-49.0985666102644,97.5795182005888,-55.1443744877881,83.8103854485321,-57.504516148368,81.4230222124573
5.05,-1.18588742985122,1.6006288326077,-0.885124131639337,1.68616359855476,-0.98763803106379,1.44780358515967,-0.994154172859506,1.45007472278647,-67.9463447080914,91.7092766753734,-50.7138770881159,96.6100577657792,-56.5874908665657,82.9530349935585,-56.960838290169,83.0831615942676
5.075,-1.16999046084669,1.63101007714257,-0.914259888336329,1.66866060593154,-1.01400813832836,1.43220295922193,-0.984517266304965,1.47952923366058,-67.0355154770813,93.4499937635762,-52.3832329797736,95.60721015962,-58.0983867181331,82.0591849695636,-56.4086842170318,84.7707807549764
5.1,-1.1493945972093,1.66106412211831,-0.944289132539958,1.65054408349107,-1.04148964433581,1.41585228210191,-0.974831565272379,1.50931590072367,-65.855459415232,95.1719636979823,-54.1037819346092,94.5692098843267,-59.6729610270232,81.1223601784055,-55.8537344262391,86.4774310634525
5.125,-1.12357234202455,1.69044843822081,-0.975178154974939,1.63191197270062,-1.06991301329201,1.39858364784964,-0.96462997760668,1.53917823123979,-64.375953175636,96.855560994534,-55.8735925534185,93.5016685726141,-61.3015001077566,80.1329403177952,-55.2692265086619,88.1884165684512
5.15,-1.09371317127534,1.71651945265944,-1.00685246787728,1.61286358029465,-1.09899780062008,1.38015253006455,-0.95259973550494,1.56883869664199,-62.6651487119458,98.3493200894923,-57.6883970016996,92.410276081243,-62.9679356696903,79.0769150570012,-54.5799444097116,89.8878360543908
5.175,-1.06120034373446,1.72282807566673,-1.03916974584986,1.59292748779796,-1.12869464699752,1.36026946414849,-0.937991976705301,1.59816675501918,-60.802300913817,98.7107775623488,-59.5400406348793,91.2680221212,-64.669439631966,77.9376992962308,-53.7429814823472,91.5682100207174
5.2,-1.02728220401221,1.69374554760437,-1.07119279675809,1.57197459266165,-1.15790213326337,1.33854767548743,-0.918205609952265,1.62683613452319,-58.8589346587966,97.0444714468049,-61.3748262990537,90.0675096613095,-66.3429053251855,76.6931324824768,-52.6093061755002,93.2108444675558
5.225,-1.01694860360913,1.66179985598848,-1.10207765662304,1.55096771068092,-1.18330413465967,1.31246591105007,-0.905053060195495,1.65682210281784,-58.2668629685258,95.2141181435879,-63.1443984201681,88.863903983084,-67.7983327963791,75.1987574579613,-51.8557205846015,94.9289138954524
5.25,-1.04709511298341,1.65341583788288,-1.12896452605219,1.57952608198724,-1.18359278914218,1.32960008514432,-0.876949191193237,1.66045442497733,-59.9941307227235,94.733749290776,-64.6849025627779,90.5001781287037,-67.8148714799647,76.1804733190043,-50.2454875027836,95.137030625023
5.275,-1.0676351657202,1.63846043985059,-1.12218181000865,1.6073891203474,-1.17517825085425,1.34432650177943,-0.844305052409028,1.66871353933728,-61.1709890555178,93.8768681025872,-64.2962815598474,92.096612631152,-67.3327539495148,77.0242348395476,-48.3751161246091,95.6102430203641
5.3,-1.0833761997171,1.62283265559927,-1.09606800042709,1.63692103120899,-1.16046253174551,1.36824444342473,-0.814670972930118,1.650342258608,-62.0728838687123,92.9814620218456,-62.8000704838156,93.7886664844776,-66.4896053520843,78.3946319504634,-46.6772084407123,94.5576461703265
5.325,-1.10069975953034,1.6082174274218,-1.06588799811809,1.66640644737701,-1.14714742311145,1.39266618635224,-0.828313161967688,1.63299432837345,-63.0654507321528,92.144071130656,-61.0708837258146,95.4780563880919,-65.7267058235943,79.793894748563,-47.4588482958847,93.5636829845993
5.35,-1.11768841332488,1.59261749920568,-1.03344481791744,1.69578818572559,-1.13117845682441,1.41274694243489,-0.846311027209292,1.61770628716734,-64.0388288941889,91.2502610831653,-59.2120264263351,97.1615059902231,-64.8117514521599,80.9444373215305,-48.4900500144738,92.6877427464668
5.375,-1.13453057737991,1.57588139704802,-1.00061928094271,1.72445680489644,-1.11350326025963,1.42948215834285,-0.864446429942582,1.60190406294978,-65.0038138124095,90.2913530640315,-57.3312616974325,98.804096873181,-63.7990372869339,81.9032945622967,-49.5291320508613,91.7823419918811
5.4,-1.1501299777762,1.55719608408387,-0.96765179487484,1.75098721407938,-1.09394862954055,1.44284165618568,-0.881482394167419,1.5842835640926,-65.8975936180513,89.2207634923047,-55.4423638845872,100.324177348119,-62.6786394767941,82.6687374051051,-50.5052209008804,90.77276177445
5.425,-1.16243909981208,1.53556265834524,-0.93422183119106,1.77325107573257,-1.07111002883765,1.45261999986869,-0.89505377355334,1.56293522381632,-66.6028543602188,87.9812595010715,-53.526968056231,101.59980265651,-61.3700840465334,83.2289952287699,-51.2828036618645,89.54959197701
5.45,-1.17107041623554,1.51182273912134,-0.900539457996121,1.79082116024737,-1.04376753945479,1.46158382063891,-0.903943408569071,1.53742876196651,-67.0973923629251,86.6210623235603,-51.5971102281764,102.606494344896,-59.803474803514,83.7425843272157,-51.7921422296776,88.0881793627042
5.475,-1.17930044097917,1.48796534437499,-0.867512935622023,1.80414427446587,-1.01366526171154,1.4775484874636,-0.912385730545906,1.5121507835447,-67.568938046023,85.2541342944168,-49.7048298841462,103.369852559586,-58.0787413350951,84.6572923576025,-52.2758516482407,86.6398578845117
5.5,-1.1892202577078,1.46472891062954,-0.835100876934597,1.81279317929871,-0.984412918511804,1.49286425076908,-0.922824748693599,1.48875935737115,-68.1373016781168,83.9227847098675,-47.8477557160263,103.865398303918,-56.4027055288822,85.5348209550282,-52.873963330364,85.2996278879757
5.525,-1.20084996165289,1.44284195248314,-0.8029828126905,1.81900297520648,-0.95677791029363,1.50485017859848,-0.933968539819275,1.4658605546832,-68.8036346311573,82.6687543816994,-46.0075261887096,104.221193401071,-54.8193361911715,86.2215640332008,-53.5124555296406,83.987623138053
5.55,-1.2113427536294,1.42166514950574,-0.770195879883684,1.81720049033528,-0.928139826937315,1.51194598991046,-0.940770847046762,1.4387843312333,-69.4048273267203,81.4554129475142,-44.1289733157,104.117918625315,-53.1784948815108,86.628124073599,-53.902199024727,82.436269809221
5.575,-1.22112934767484,1.40123570861157,-0.737768811114691,1.81158052952679,-0.899242690870721,1.51726423728777,-0.945889228334698,1.41134669057391,-69.9655578613317,80.2848922064665,-42.2710391332562,103.79591858996,-51.5228109448797,86.9328372027249,-54.1954606704644,80.8642087996413
5.6,-1.22902485390519,1.378812118954,-0.710988538493899,1.80042699998782,-0.870418740647859,1.52072924067234,-0.945939828471309,1.39380088838888,-70.4179370454498,79.0001151575543,-40.7366425378751,103.156868420702,-49.8713202482145,87.1313672726596,-54.1983598447351,79.8589083862676
5.625,-1.23743168510108,1.40229855496778,-0.738107269662172,1.79344468508044,-0.880216666608773,1.49946780529855,-0.964644972570279,1.37486680972468,-70.8996129920535,80.3457888169479,-42.290431379567,102.756811245278,-50.4327000537565,85.9131767593512,-55.27008565679,78.7740655898402
5.65,-1.23613686799978,1.42890769625181,-0.769606448498059,1.78344032847077,-0.903151870088726,1.48494478897067,-0.981385214123232,1.37886123568498,-70.8254254369076,81.8703803089902,-44.0952013849911,102.1836038348,-51.7467904154316,85.0810692179643,-56.2292308458038,79.0029293389428
5.675,-1.22928893326757,1.45765857735532,-0.799320872989936,1.7705869730953,-0.92645303317684,1.47117683254012,-0.98201135624662,1.404080149967,-70.4330676783708,83.5176844535035,-45.7977124990358,101.447160819204,-53.0818487181266,84.2922234219735,-56.2651061468493,80.4478666912049
5.7,-1.22089372137806,1.48848100010526,-0.828745457194006,1.75572774688281,-0.950667603759757,1.45725639838697,-0.975381716449475,1.43211862048048,-69.9520574689841,85.2836791914431,-47.4836169878564,100.595789870398,-54.4692414152494,83.494641296008,-55.8852557667809,82.054352715629
5.725,-1.210877070565,1.51918225729513,-0.8583231477215,1.73971791335335,-0.975604745954911,1.44271966330803,-0.965658372442997,1.46077935665037,-69.3781456525394,87.0427316541686,-49.1782938228258,99.6784939784532,-55.8980344161493,82.6617477280851,-55.3281491924559,83.696491935902
5.75,-1.19859398230151,1.54979453263157,-0.888396091293838,1.72269869864122,-1.00157824179253,1.42760078480072,-0.954812689681054,1.49010572528428,-68.6743765356544,88.796685832239,-50.9013465670559,98.7033648048211,-57.3862061068456,81.7954997986454,-54.7067373442588,85.37676908707
5.775,-1.18365061280715,1.58031243193539,-0.919186644445628,1.7048264076315,-1.02874185485237,1.41186128177595,-0.943621065167744,1.51986753404211,-67.818184531923,90.5452326619533,-52.6655153115267,97.6793579597345,-58.9425664915005,80.8936927036926,-54.065504493751,87.0819951195691
5.8,-1.16436734599453,1.61061282974192,-0.950764725350956,1.68619209706625,-1.05708692023822,1.39538665665147,-0.932507313035478,1.54993016146161,-66.7133347283353,92.2813175738349,-54.4748060725246,96.6116906102099,-60.5666191081322,79.9497662149997,-53.4287334020176,88.8044567917805
5.825,-1.13980509975339,1.64063606015671,-0.983181288407435,1.66687982725012,-1.08656313131604,1.37803375701757,-0.922095962459206,1.58008996532843,-65.3060216833568,94.0015219639511,-56.3321383219806,95.5051790569274,-62.2554815989281,78.9555183036634,-52.8322069549661,90.5324862642919
5.85,-1.11086377624516,1.66929886488287,-1.01628300908182,1.64718650426707,-1.11663776004029,1.35944524762456,-0.909700210220753,1.60985616025206,-63.6478059928124,95.6437797037675,-58.228727211244,94.376834765411,-63.9786308952505,77.8904751680045,-52.1219826678129,92.2379636055791
5.875,-1.07911831357468,1.68906564758244,-1.0499300791231,1.62669658660985,-1.1473485202766,1.33950677522894,-0.894321114502296,1.63933844774652,-61.8289249631042,96.7763329270049,-60.1565623175902,93.2028489610815,-65.7382278424294,76.7480848497971,-51.2408253904176,93.9271742494033
5.9,-1.06381362553853,1.66308406252418,-1.08207816702767,1.6032075845708,-1.1776209869666,1.31752286838134,-0.872212096880544,1.6679845810819,-60.9520309318685,95.2876977581065,-61.9985120739374,91.8570282792697,-67.4727124192169,75.4884997702213,-49.9740719915108,95.5684767888895
5.925,-1.09138760463037,1.65261542467995,-1.10793669666729,1.63223656098653,-1.17377142253371,1.33551879443612,-0.854724540790063,1.6432536971412,-62.531903558213,94.6878889923811,-63.4800966867017,93.5202661114757,-67.2521486242483,76.5195903815897,-48.972108833528,94.1515015154596
5.95,-1.10881280842641,1.6400474775791,-1.09435162459292,1.6576200656798,-1.15395240440105,1.34154988769823,-0.837633507291121,1.6614246942961,-63.530294192881,93.9677986663588,-62.7017293924592,94.9746337996506,-66.1166025311536,76.8651465713581,-47.9928647465219,95.1926229619798
5.975,-1.11884969417218,1.61866777526141,-1.06646743568749,1.68692360716853,-1.13332166651005,1.36697795308932,-0.806229453702917,1.67070428468266,-64.1053653855688,92.7428319563094,-61.1040830530326,96.6536030517418,-64.9345483217586,78.3220673994502,-46.1935450163151,95.7243043267397
6,-1.13019173125555,1.5992426614015,-1.03422018830985,1.71509809017086,-1.11377376799196,1.39357647648759,-0.772515524188066,1.64161155229783,-64.755216241527,91.6298549155755,-59.2564518773797,98.2678820177383,-63.8145362383224,79.8460505314509,-44.2618791443127,94.0574135465854
6.025,-1.14493121696921,1.58520789648561,-1.00216147250819,1.74275355490569,-1.09663680960677,1.41919443195337,-0.750641434027823,1.61208475601987,-65.5997265651126,90.8257221194368,-57.4196227653353,99.8524234275171,-62.8326608491595,81.3138512593944,-43.0085860974421,92.3656527373158
6.05,-1.15978979966598,1.57102454883355,-0.969881891888289,1.77014905749096,-1.08052735693883,1.43908013792795,-0.766598192921383,1.59908568147962,-66.4510606431838,90.0130761596064,-55.5701390313626,101.422070103293,-61.9096572010207,82.4532182843761,-43.9228410367509,91.6208606285833
6.075,-1.17270274904905,1.55290832914158,-0.93696473942631,1.7932270046112,-1.06326662211652,1.44971374173715,-0.783883255609973,1.58644554763063,-67.1909181438999,88.9750932305249,-53.6841251217025,102.744339073108,-60.9206899444077,83.0624789036574,-44.9132021774262,90.8966343065558
6.1,-1.18297083400795,1.53124550131744,-0.904067988391378,1.81157779394447,-1.04200738568081,1.45831937162717,-0.799774421872309,1.57153102791449,-67.7792360757267,87.733904623883,-51.7992801277083,103.795761852638,-59.7026254209709,83.5555451764071,-45.8236989357987,90.0420952733563
6.125,-1.18991905877092,1.50576734116076,-0.871087470840492,1.82338429542544,-1.01689787816426,1.46605856291248,-0.813544886130179,1.55384234586514,-68.1773400297533,86.2741135771472,-49.9096356658853,104.472224558313,-58.2639566146208,83.9989681738997,-46.6126884197104,89.0286084467799
6.15,-1.19441973344702,1.47869229346955,-0.838245519245957,1.83024502532517,-0.988008827331962,1.4746344069331,-0.824681746041374,1.53379676357007,-68.4352096936551,84.7228276143252,-48.0279304485456,104.865315425947,-56.6087359277911,84.4903278420437,-47.2507834896503,87.8800811833897
6.175,-1.19790770394467,1.45140758718249,-0.805695342119976,1.83408584992699,-0.956241985032284,1.48663957239313,-0.833940732712561,1.51217098865814,-68.6350556822364,83.159529098823,-46.1629426768236,105.085378465481,-54.7886299355619,85.17817315526,-47.7812843484772,86.6410155522367
6.2,-1.2022932567954,1.42405672351685,-0.773809492183118,1.8382329476413,-0.924778807646085,1.49929464313036,-0.844781393234532,1.49217405686602,-68.8863293514151,81.5924400447438,-44.3360180492541,105.322989661739,-52.9859226612613,85.9032552979428,-48.4024084435202,85.4952757573372
6.225,-1.20844164591916,1.39782829284307,-0.741998116196575,1.83803759584321,-0.894273317861648,1.50982456218266,-0.856680376320625,1.47301950058389,-69.2386060990102,80.0896616638851,-42.5133604647214,105.311796828188,-51.2380868446336,86.5065752182537,-49.0841699548509,84.3978005239253
6.25,-1.21536767934685,1.37289925490191,-0.710135808900547,1.83130275156039,-0.864662201009688,1.51777192755508,-0.868143109249602,1.45377871626666,-69.6354385831835,78.661333002535,-40.6877847311101,104.925918675105,-49.5414948223475,86.9619257123421,-49.7409361733669,83.2953847880264
6.275,-1.2207362522993,1.34765907615544,-0.67781076290213,1.81113647671863,-0.834564521066041,1.52148910745234,-0.873934265238313,1.44261530685648,-69.943035155367,77.2151772862065,-38.8356960228346,103.770476238172,-47.817024788441,87.1749044321459,-50.072744970022,82.6557685438465
6.3,-1.22419438210709,1.32074517197287,-0.651216558285296,1.7900518732434,-0.804755731137069,1.52399312478481,-0.869058988840993,1.44656897697074,-70.141171398362,75.6731241663257,-37.3119603387826,102.562417446334,-46.1091069331189,87.318374057124,-49.7934122084958,82.8822971549805
6.325,-1.23239033578889,1.34555839011032,-0.676778812007198,1.78204859146593,-0.815230806695379,1.50497218269389,-0.886444043760217,1.433281643666,-70.6107649534137,77.0948168417388,-38.7765695918902,102.103863178231,-46.7092845526907,86.2285543529513,-50.7895024819705,82.1209890356352
6.35,-1.23016565379056,1.37142982442643,-0.705774418258968,1.77253075517218,-0.835939222532454,1.4907619003056,-0.90727399056059,1.42062705759293,-70.4833000641507,78.577140838002,-40.4378954545398,101.558531328503,-47.8957893805569,85.4143651464136,-51.9829705211139,81.3959346621637
6.375,-1.22274199310647,1.39953849362813,-0.733498543883379,1.75947481160562,-0.857616519049844,1.47738343785606,-0.914669351621766,1.43905542118003,-70.0579556384152,80.1876489509886,-42.026370843509,100.810480864578,-49.137806982257,84.6478357116804,-52.4066934978947,82.4518021190371
6.4,-1.21286513395571,1.43004492510979,-0.761286863544025,1.74395315115882,-0.881263419576311,1.46491231883736,-0.903839735580356,1.46723258469119,-69.4920532942314,81.9355387228928,-43.6185242798245,99.9211552299408,-50.4926745809893,83.9332932261033,-51.7862022049747,84.0662346668764
6.425,-1.20052820658415,1.46077531576719,-0.789559888129129,1.72717543517044,-0.906488036906485,1.45265733979639,-0.882435531674645,1.49632189620596,-68.7851994236816,83.6962604103499,-45.2384492626205,98.9598629139378,-51.9379386938408,83.2311346490347,-50.55983165734,85.732929445614
6.45,-1.18479042412903,1.49133582513407,-0.818499172543736,1.70953849427914,-0.933069401033617,1.44014439144958,-0.857672560752122,1.52574362350537,-67.8834909101081,85.4472486168423,-46.8965481217062,97.9493406373446,-53.4609386720259,82.5141955194973,-49.1410179352743,87.4186702458548
6.475,-1.16566829982628,1.52189578373982,-0.848135534005704,1.69145165302526,-0.960566619335884,1.42685590282855,-0.832563515258127,1.55508849094889,-66.7878738922359,87.1982052670466,-48.5945865536011,96.913040968774,-55.0364132290957,81.7528212054046,-47.7023756008664,89.1000073007393
6.5,-1.14427419293387,1.55247600205918,-0.878558439753479,1.6731011355057,-0.988798599309263,1.41251083388444,-0.807878485311452,1.58430302185943,-65.5620818608491,88.9503227133342,-50.337690653473,95.8616337630223,-56.6539865288682,80.9309092980828,-46.2880275677679,90.7738766223679
6.525,-1.12085163006947,1.58296904624471,-0.909828392155637,1.65446573840715,-1.01773056150742,1.3969639480146,-0.783796684574766,1.61289132969875,-64.2200678633392,90.697445449671,-52.1293269516916,94.7939041597249,-58.3116658558544,80.0401383531693,-44.9082420224807,92.4118660049818
6.55,-1.09477231650168,1.6133248709736,-0.941927470036628,1.63548700664471,-1.04731584538784,1.38013386682941,-0.759943337841446,1.64035486413232,-62.7258332633065,92.4367060902752,-53.9684686405341,93.7065029292263,-60.006777757899,79.0758457323956,-43.5415459273993,93.9854106185375
6.575,-1.06659868485721,1.64357783739827,-0.974926858295533,1.61606376872576,-1.07769202088414,1.36204322503336,-0.73691678988178,1.66683417391065,-61.1116030765221,94.1700733841599,-55.8591943142829,92.5936333719923,-61.7472044115857,78.0393283087987,-42.2222219125549,95.5025633132555
6.6,-1.0368286866668,1.67342761438762,-1.00878208925428,1.5961602099138,-1.10879388326348,1.3426156272141,-0.71437522909287,1.69230645077114,-59.4059078240999,95.8803396250561,-57.79895616266,91.4532434547763,-63.5292098609184,76.9262089476779,-40.9306856157128,96.96201727195
6.625,-1.00555393529993,1.69906863150885,-1.04323809642897,1.57559767329058,-1.14043171228324,1.32176506082764,-0.689568440284316,1.71661867349295,-57.6139965654573,97.3494616885258,-59.773139952642,90.2750968901824,-65.3419239367075,75.7315594932763,-39.5093613137103,98.3550050244918
6.65,-0.972033151839711,1.68330491483033,-1.07760348981173,1.55244204455241,-1.17316648123286,1.29945916044536,-0.661506688326051,1.73779867755839,-55.6933971472146,96.4462672534062,-61.7421319547809,88.9483770915139,-67.2174880408567,74.4535255431324,-37.9015413607587,99.5685298675113
6.675,-0.984678629879512,1.66057948093228,-1.10863746096048,1.53634571773654,-1.18180437137982,1.31254310368135,-0.625631956764698,1.71177630262087,-56.4179296688205,95.1441958034446,-63.520247523135,88.026125499301,-67.7124026901748,75.2031802699436,-35.8460706511284,98.0775576106845
6.7,-1.01443636696393,1.65205157049752,-1.11494741595842,1.56230758336075,-1.1783347648995,1.33179341680087,-0.594809743723534,1.68012017116026,-58.1229224116178,94.6555825274674,-63.8817813134345,89.513630827854,-67.5136088822817,76.3061419659969,-34.0800879286166,96.2637948822807
6.725,-1.04189143374501,1.64288164983566,-1.10591943843322,1.58983655238724,-1.17357651397468,1.35333375696412,-0.563545176892577,1.64794819338367,-59.6959818644236,94.1301847750731,-63.3645163037017,91.0909245674182,-67.240981186425,77.5403125466274,-32.2887602008981,94.4204763370931
6.75,-1.06670991183535,1.6322805780533,-1.08978740809881,1.6179060489673,-1.16802304767825,1.37595188791799,-0.535878047914209,1.61823533171106,-61.1179759129375,93.5227881036285,-62.4402190505631,92.6991882545127,-66.9227910059716,78.8362359907586,-30.7035504791935,92.7180547659964
6.775,-1.08805415698999,1.62022098895579,-1.06688034995735,1.64649528251275,-1.15633574202357,1.40085838816363,-0.555274856515855,1.60747949056291,-62.3409110771913,92.8318245456791,-61.1277412979964,94.3372306761805,-66.2531577180789,80.2632733372752,-31.8149057480909,92.1017904630946
6.8,-1.10684134210764,1.60746296555323,-1.0373085170576,1.67631699876166,-1.13402105503356,1.42748206768655,-0.578115158081962,1.59940480187573,-63.4173374933634,92.1008436497831,-59.4334000803749,96.04588915508,-64.9746203323956,81.7886978090475,-33.1235586306348,91.6391448804367
6.825,-1.12452857805338,1.59171590113252,-1.00449480020773,1.706649534842,-1.10871166991903,1.44666295211459,-0.601435889083124,1.59095899032287,-64.4307414643066,91.1986033187558,-57.5533125947401,97.7838154544116,-63.5244993832619,82.8876815341022,-34.4597380921613,91.1552355238954
6.85,-1.14047638495748,1.57253382958374,-0.971498401283321,1.73683268619812,-1.08205250987428,1.45786761526084,-0.624588482049841,1.5812485957128,-65.344483492401,90.0995515766931,-55.6627581972411,99.5131826395221,-61.9970420273339,83.5296614432483,-35.7862839539384,90.5988708953315
6.875,-1.15509458561097,1.55072664443411,-0.938574432900174,1.7665863137942,-1.05433064215812,1.46787464530737,-0.647383851638825,1.57016323759555,-66.1820446939215,88.850091904559,-53.7763537640646,101.217939925981,-60.4086960069783,84.1030220303748,-37.0923624238281,89.9637266608219
6.9,-1.16728947543204,1.52502857513417,-0.905569142017606,1.79430962974932,-1.02668966920276,1.4751933058154,-0.669568529930063,1.55751624094616,-66.8807604122958,87.3777009920374,-51.8852898948919,102.806368924317,-58.8249849150005,84.5223503891741,-38.3634508597715,89.2391071292963
6.925,-1.17700836246996,1.49641157506308,-0.87257583849226,1.81644275466221,-0.997511387192173,1.48308169681465,-0.690479225802746,1.54334771864184,-67.4376116211329,85.7380676656382,-49.9949128506955,104.074503569262,-57.1531925023516,84.9743219005804,-39.5615454799579,88.4273105993213
6.95,-1.18450637139079,1.46566973147574,-0.840007892219151,1.82687125342872,-0.966104860998161,1.48979522687484,-0.707305508673546,1.53568351811538,-67.867215887048,83.9766897736328,-48.1289069818375,104.67201253524,-55.3537311022677,85.3589788386635,-40.525620473348,87.9881842558132
6.975,-1.19055755060845,1.43391224918141,-0.807799385461119,1.83103504896534,-0.93389680532969,1.49594733961283,-0.70756601485279,1.53739317408203,-68.2139229172973,82.1571200702061,-46.2834954801837,104.910580446244,-53.5083454461419,85.7114689336385,-40.5405463779558,88.0861403271215
7,-1.19569507527595,1.40221535773556,-0.7751047873425,1.82506669517275,-0.901865694914762,1.51412354764056,-0.689225730752382,1.53818527119095,-68.5082813978893,80.3410219666747,-44.4102329951104,104.568618963288,-51.673098006249,86.7528889411794,-39.4897255039315,88.1315241484274
7.025,-1.2005754829285,1.37136216458507,-0.743129822681168,1.81019510358725,-0.86878432619996,1.53359485222463,-0.679423757434701,1.5337901227712,-68.7879081586835,78.5732642146494,-42.5782024699362,103.716539530796,-49.7776751983747,87.8685125154605,-38.9281138019286,87.8797006936424
7.05,-1.20785027495029,1.34639436584379,-0.712112934681855,1.80933976589077,-0.840929237951379,1.55372919806148,-0.69513129898908,1.52134082340884,-69.2047230383675,77.142714723042,-40.8010656939455,103.667532290729,-48.1816962037665,89.0221255551689,-39.8280896395208,87.1664083822838
7.075,-1.21428669143634,1.31991953496698,-0.680473965500992,1.80263558682438,-0.824705544864881,1.56206592626813,-0.713349971049519,1.51084346690597,-69.573502538207,75.6258186504783,-38.9882862917376,103.283411125125,-47.2521470617947,89.4997848963575,-40.8719426569169,86.5649541586256
7.1,-1.21918834480328,1.29183224663202,-0.65180801559269,1.78525277961069,-0.810903919906162,1.56409894070894,-0.732380624534723,1.50274980471366,-69.8543465887687,74.0165355709179,-37.3458483462585,102.287449635691,-46.4613722012376,89.6162680435051,-41.962318782995,86.1012214742016
7.125,-1.22706437761122,1.31495899856888,-0.677031074539978,1.77781215225026,-0.819669868733314,1.53581406328503,-0.755770194122278,1.49535162430768,-70.3056100279698,75.3416008507462,-38.7910231703478,101.861133091009,-46.9636240724611,87.99566394307,-43.3024424049895,85.6773369608622
7.15,-1.22453195434185,1.3355360205698,-0.709178968484597,1.76618891763484,-0.84126893915135,1.51166924349138,-0.787917626895511,1.51333172015254,-70.1605128626942,76.5205773663465,-40.6329618136087,101.195170803255,-48.2011596488204,86.6122676717901,-45.1443546250762,86.7075205680135
7.175,-1.22115079897997,1.364028766976,-0.738131088067227,1.75288072134721,-0.8648976957748,1.49901984970432,-0.796967216102585,1.53027243260385,-69.9667869305804,78.1530914821583,-42.2917960736514,100.432667323043,-49.5549876784859,85.8875107943924,-45.6628578929688,87.6781518934184
7.2,-1.21287952576999,1.3924946874393,-0.76522725394087,1.73834280353311,-0.888929627495779,1.48828486845905,-0.782473217013346,1.55735604958376,-69.4928778844489,79.7840685846603,-43.8442920191976,99.5997059893866,-50.9319159396445,85.2724416758867,-44.8324129168889,89.2299288403158
7.225,-1.20110408878398,1.42181652246431,-0.792218327266153,1.72217886256527,-0.914034392216411,1.4775521805812,-0.758810923125751,1.58541730626011,-68.8181950432284,81.4640859791728,-45.3907666052644,98.6735803916305,-52.3703130038057,84.6575039576543,-43.4766633435315,90.8377204157042
7.25,-1.18529304625805,1.45113319594101,-0.819546370545448,1.7050174939257,-0.939923650244454,1.46603390339175,-0.731783353405368,1.6125833283452,-67.9122890367909,83.1438076387507,-46.9565481475189,97.690306397915,-53.8536582235377,83.9975552874369,-41.928097668058,92.3942188273393
7.275,-1.16666920446853,1.48087358265248,-0.847482731223565,1.68726003688736,-0.966507921210813,1.45344852596414,-0.703440236056809,1.63651571594869,-66.8452215039321,84.8478062784049,-48.5571837093302,96.6728790547335,-55.3768247513423,83.2764662772559,-40.3041566657415,93.7654436306902
7.3,-1.14526237505839,1.51087251470801,-0.876213275138045,1.66911751524034,-0.993779400474695,1.43967102114088,-0.674190359427923,1.65508356038597,-65.6187005259744,86.5666184750864,-50.2033226187452,95.6333891346346,-56.9393654142413,82.4870733986618,-38.628262183628,94.8293027516019
7.325,-1.12143781889353,1.54114709449991,-0.905911820231334,1.65067380892538,-1.02187597715458,1.4247376832381,-0.644672242810351,1.66882955782481,-64.2536540089558,88.3012241236941,-51.9049239102696,94.5766426042082,-58.5491806767644,81.6314561627897,-36.9369986822661,95.6168903900448
7.35,-1.09453946722357,1.57146197824871,-0.936617275835342,1.63193319636174,-1.05080114556224,1.4086055432988,-0.615183603623267,1.67835191556006,-62.7124919824081,90.0381390189302,-53.6642169244056,93.502884598822,-60.2064707482284,80.7071526297535,-35.2474241132621,96.1624812992887
7.375,-1.06537163923884,1.60184888414816,-0.96838628179385,1.61288857795967,-1.08063876287835,1.39131346013147,-0.586194269767946,1.68816610973601,-61.0412985413199,91.7791804794297,-55.484446885154,92.4117083419464,-61.916040291168,79.7163892452764,-33.5864576324565,96.7247932048921
7.4,-1.03508363335138,1.63216298328674,-1.00118363754272,1.59346728892916,-1.11132304285323,1.37274576132466,-0.557646671786392,1.69846889871035,-59.3059236341008,93.5160504198116,-57.3635969487532,91.298950447794,-63.6741200311266,78.6525384683763,-31.9508007528773,97.3150995303359
7.425,-1.00410137054935,1.66225033366929,-1.03489581918843,1.57348344415677,-1.14281347900115,1.3528300470028,-0.529581653633733,1.71024966853924,-57.5307707357792,95.2399286134631,-59.2951626752312,90.1539604838917,-65.4783891174286,77.5114520917453,-30.3427936607719,97.9900879209463
7.45,-0.972690528613554,1.69092758581589,-1.06945715877617,1.55188717480307,-1.1757746638908,1.33161293431936,-0.50960123050248,1.72399471267132,-55.7310620619057,96.8830141294957,-61.2753815679268,88.9165853966969,-67.3669258993556,76.2958010815306,-29.1979997424655,98.7776209389354
7.475,-0.939769128492102,1.69901798712794,-1.10318399566075,1.52671935153924,-1.20926495503747,1.30819448128009,-0.504546849373986,1.72477608543148,-53.844804779285,97.3465599792431,-63.2077869777398,87.4745753441485,-69.2857782367243,74.9540225596553,-28.9084050357522,98.8223903003192
7.5,-0.917480760012575,1.67201199717524,-1.13287557356273,1.49823190136627,-1.24172608351175,1.30199255682817,-0.501920984262354,1.72358382032328,-52.5677753331757,95.7992307333807,-64.908989078607,85.8423646801481,-71.1456638965323,74.5986784637012,-28.7579540472851,98.7540785415588
7.525,-0.951665039064659,1.66087605324286,-1.14190868384069,1.52271066583495,-1.2592134330911,1.32109186027687,-0.5005172997684,1.69311684031683,-54.5263902485576,95.161188145161,-65.4265481734099,87.2448945718983,-72.1476152222993,75.6929879429516,-28.6775288500136,97.0084491726796
7.55,-0.986394965386157,1.64842014991722,-1.13847506712631,1.55165442695429,-1.28668410241703,1.34823742970394,-0.501271564650069,1.66591486189855,-56.5162684495797,94.4475174545793,-65.2298164272104,88.9032499272713,-73.7215686350741,77.2483145036016,-28.7207450443682,95.4498906149064
7.575,-1.01151443519507,1.64239536549413,-1.12291965858698,1.57900271941677,-1.28036555080197,1.36888623952548,-0.526870179177786,1.66326833778241,-57.9555080532366,94.10232273466,-64.3385571693055,90.4701916622607,-73.3595422948958,78.4314041583444,-30.1874376181886,95.2982559526718
7.6,-1.0303900499181,1.63395153419358,-1.09853032784444,1.60739594129634,-1.25987076535549,1.39732294141378,-0.549402788112603,1.65723617767397,-59.0370011125812,93.6185268382177,-62.9411514526093,92.0970034427387,-72.1852775867865,80.0607071598156,-31.4784610115724,94.952638637111
7.625,-1.04836678991912,1.62198579525393,-1.06630814335732,1.63768434315414,-1.23507706677883,1.42549473058151,-0.572550449299007,1.65007323704681,-60.066992444044,92.9329404982205,-61.0949562748054,93.8324010373866,-70.7647032998242,81.6748317804589,-32.8047243031521,94.542232370272
7.65,-1.06647360069717,1.60790067139386,-1.03346718125189,1.66809490614184,-1.20875476946703,1.44845829356152,-0.596768326492175,1.64247986724311,-61.1044362820681,92.1259223471195,-59.213307751015,95.5747979491989,-69.2565467567696,82.9905470217963,-34.1923064550868,94.1071643282378
7.675,-1.08444470464694,1.59199291631368,-1.00071686377536,1.69838483919632,-1.18209938098431,1.46092142247735,-0.621467653516284,1.6340710106118,-62.1341046915805,91.2144751194973,-57.3368527818961,97.3102832749542,-67.7293054954282,83.7046317082007,-35.6074736503816,93.6253723327333
7.7,-1.1019687178702,1.57443313228522,-0.967993676460242,1.72839991320552,-1.15493002242846,1.4691288552034,-0.646061417627299,1.62448479744289,-63.138156689405,90.2083736055054,-55.461952256524,99.030020337454,-66.1726159181,84.1748829640411,-37.0165925362831,93.076122776642
7.725,-1.11812392801517,1.55405370509348,-0.935196163293777,1.75753257673282,-1.12757199221431,1.4756511105131,-0.670318720833217,1.61355580156225,-64.0637820478589,89.0407184385248,-53.5827931735608,100.699199003543,-64.6051162510383,84.5485806661939,-38.4064336323514,92.4499374383654
7.75,-1.13221385773727,1.53040886893162,-0.90230200567484,1.78507348570376,-1.09999438163775,1.48226232305001,-0.693731187805208,1.60097751964775,-64.8710755545709,87.6859691191721,-51.6980967713576,102.277176851532,-63.025035555946,84.9273752420227,-39.7478691778359,91.7292549711391
7.775,-1.14426503998398,1.50415178441262,-0.86945620963376,1.8071629853751,-1.07081034920147,1.48831880409528,-0.71608996610647,1.58715960941678,-65.5615574354507,86.181548993915,-49.8161712834562,103.542811954255,-61.3529136681742,85.2743860446178,-41.0289328095669,90.9375470332135
7.8,-1.15370625631856,1.47562951554338,-0.836889203326356,1.82279294293694,-1.03907607384235,1.49532258990853,-0.737674825638402,1.57421862492947,-66.1024992848919,84.5473433655697,-47.950219270666,104.438342556517,-59.5346736241907,85.6756734123303,-42.2656541621293,90.1960832393464
7.825,-1.1606558908305,1.44549257164213,-0.804614958156766,1.83322974503998,-1.00658708606474,1.50256765741829,-0.741490271770779,1.5720063718917,-66.5006840115846,82.8206236726061,-46.101041235478,105.036327268635,-57.6731917438816,86.0907852029272,-42.484263122474,90.0693304770676
7.85,-1.16644550439881,1.41501969486764,-0.771973379891737,1.83764471370552,-0.974328446091441,1.5205426203918,-0.723399370002131,1.56910776478241,-66.8324044340601,81.0746564438055,-44.2308165642459,105.289286339853,-55.8249078205793,87.1206747182132,-41.4477308035447,89.9032525232383
7.875,-1.1717351564525,1.38513432530406,-0.739634151454986,1.82806298119497,-0.940841234809291,1.54068701487965,-0.717108018485375,1.55869922041057,-67.1354791718297,79.3623508986236,-42.3779152621106,104.740293506575,-53.9062319464492,88.2748635032132,-41.0872629142014,89.3068868598571
7.9,-1.1805455517623,1.36190201331915,-0.708849740159609,1.8324253549631,-0.914042603774378,1.56324334291875,-0.734011546450731,1.54595378156391,-67.6402776389228,78.0312374735569,-40.6140984200906,104.990239112147,-52.3707834914204,89.5672459011662,-42.0557637254977,88.5766270059016
7.925,-1.18838357526356,1.33565636606973,-0.677257848745527,1.82426752575322,-0.897627075969338,1.57308948607766,-0.753470678725459,1.53502684177951,-68.0893633052693,76.527472655576,-38.8040163752282,104.522829928432,-51.430243029712,90.1313883486537,-43.1706898778264,87.9505594732618
7.95,-1.19490045143322,1.30873645546513,-0.646165450066904,1.80626162160403,-0.88145058698608,1.57487813523856,-0.772495423250466,1.52501395960869,-68.4627528054003,74.985075393063,-37.0225531560049,103.491167614367,-50.5033984836314,90.2338703966028,-44.2607274454239,87.3768635841121
7.975,-1.19976014881187,1.28131218475847,-0.614789139346507,1.78000494734262,-0.855557362119463,1.57449252746147,-0.772966766488169,1.53063516245457,-68.7411929549076,73.4137804253472,-35.2248229750351,101.986770995138,-49.0198259807911,90.2117766984281,-44.2877334236463,87.698934782968
8,-1.20367601502448,1.25137000325602,-0.584549644552763,1.75128233443814,-0.824549314306386,1.57904641010851,-0.762988906040779,1.53643371299597,-68.9655555620281,71.6982197958419,-33.4922275487458,100.341086499124,-47.2431957101619,90.4726949545012,-43.7160441314403,88.0311672562832
8.025,-1.20832260294215,1.22411866767207,-0.568791128666724,1.73861787399206,-0.79604667942983,1.59337513236297,-0.774030346604701,1.52254941750137,-69.2317854388473,70.1368332807869,-32.5893310970859,99.6154663657528,-45.6101150267329,91.2936702654972,-44.3486720754976,87.2356557229302
8.05,-1.21482419196338,1.24702137814631,-0.59548826613502,1.73326004819099,-0.800123169419672,1.56638107237069,-0.795981141683339,1.51407829004359,-69.6042990498922,71.4490619303709,-34.1189643990998,99.3084855599854,-45.8436806983781,89.7470245560167,-45.6063599904601,86.7502958718822
8.075,-1.21213155962421,1.27027352321258,-0.624911407053291,1.72182958542998,-0.818032161600352,1.54138010176694,-0.828519233878622,1.51828905730246,-69.4500225810776,72.781311707294,-35.8047861937354,98.6535682858979,-46.8697903656639,88.3145744566912,-47.4706553466574,86.9915550643271
8.1,-1.20773438248255,1.29959444445833,-0.651449101929433,1.70822056642227,-0.840222096784753,1.52893749381668,-0.839758488306871,1.53508526011873,-69.1980828890888,74.4612767461112,-37.3252841081443,97.8738289334429,-48.1411799993989,87.6016655350053,-48.1146171902698,87.9539065975455
8.125,-1.19887550197632,1.32899169189391,-0.676358320676274,1.69352512539936,-0.863089927098119,1.51883947171422,-0.821327493246009,1.56200368857186,-68.6905064248711,76.1456149534717,-38.7524772133064,97.0318421847471,-49.4514101629761,87.0230914871044,-47.058598961056,89.4962189390346
8.15,-1.18668798503627,1.35911287996462,-0.701484207400305,1.67730401112243,-0.887616714079676,1.50940124620699,-0.791930830081745,1.58884115457306,-67.9922131414622,77.871431903843,-40.1920844791172,96.1024407976791,-50.8566915420357,86.4823209994473,-45.3742942299759,91.0338924737292
8.175,-1.17030191217796,1.38916244429272,-0.727170875693525,1.66025157583824,-0.913267939490435,1.49950527932702,-0.760364643614519,1.61030123886027,-67.0533603238873,79.59314511605,-41.6638221620712,95.1254082254753,-52.326398497411,85.9153238630241,-43.5656849700809,92.2634647313814
8.2,-1.1506557720718,1.41953235287843,-0.753517656790957,1.64284024930393,-0.939582757955229,1.48852646359358,-0.728359346766559,1.62184524208383,-65.9277194120811,81.3332127022097,-43.1733815227091,94.1278126993352,-53.8341265340966,85.2862840574459,-41.7319165386294,92.9248873947769
8.225,-1.12837219726496,1.45012527077001,-0.780720403065637,1.62522962283644,-0.96663243279844,1.47641255867466,-0.69662638628003,1.62644560204408,-64.6509646231853,83.0860577803874,-44.7319840754135,93.1187981281666,-55.3839587398138,84.5922084321692,-39.9137518312959,93.18846860474
8.25,-1.10439422610089,1.48072288105003,-0.808846851183496,1.60746626221015,-0.99441708443528,1.46311585657894,-0.665107292921503,1.62570348452426,-63.277128074198,84.8391717126184,-46.3435108452605,92.1010325343114,-56.975902013846,83.8303635206416,-38.1078408077735,93.1459484029517
8.275,-1.07922789013765,1.51129790717483,-0.837910234148844,1.58949237271822,-1.02293025641492,1.44857984781484,-0.633698076260062,1.61883691947322,-61.8352032376959,86.5909916680718,-48.0087200275473,91.0712045249891,-58.6095864288099,82.9975115674933,-36.3082252552609,92.752523205775
8.3,-1.05311843557917,1.54183909084607,-0.867913208959537,1.57124130225856,-1.05224274710144,1.43286751487749,-0.602625236982846,1.60975269898462,-60.3392416861063,88.3408725937679,-49.7277638570374,90.025495216055,-60.2890684321643,82.0972612038787,-34.5278827071881,92.2320357116121
8.325,-1.02541666622957,1.5722759944884,-0.89878824698146,1.55265185356292,-1.08229908199155,1.41594492027405,-0.571712641559565,1.59975857614377,-58.7520472173292,90.0847787139196,-51.4967732279995,88.9603982623197,-62.0111695689994,81.1276679546908,-32.7567214556387,91.6594146528957
8.35,-0.996147668261991,1.60268366253836,-0.930516443247854,1.53366599821435,-1.11311176724657,1.39780260871743,-0.540984800703888,1.59001663216119,-57.0750571632101,91.8270097580171,-53.3146649656266,87.8725888804006,-63.776606389577,80.0881900718849,-30.9961458610587,91.1012423784415
8.375,-0.966034142230702,1.63298261948183,-0.963204452083248,1.51405825292433,-1.14497966473804,1.37850041525117,-0.513019069601348,1.5832543583282,-55.3496792153599,93.5630121145268,-55.187549912581,86.7491478295148,-65.6025024177938,78.9822558509236,-29.3938274978855,90.713792627899
8.4,-0.935316982682976,1.66359757597956,-0.996608694539705,1.4940213159971,-1.17666321551667,1.35675685048254,-0.506882572380207,1.5822052020238,-53.5897156146452,95.317119911823,-57.1014720231677,85.6011159092152,-67.4178361573975,77.7364413581114,-29.0422321061203,90.6536803996074
8.425,-0.906825877612326,1.69391774262329,-1.02946894203474,1.4732561441569,-1.20788441411706,1.3338346908356,-0.504703789885156,1.6060376780312,-51.9572955404332,97.0543374946419,-58.9842255183887,84.4113592019076,-69.2066790685399,76.4230983530171,-28.9173970646769,92.019180690178
8.45,-0.874370152905854,1.70654781979062,-1.06029904745437,1.45354909767941,-1.23444464933864,1.30746161679335,-0.505012411946789,1.59939166744903,-50.0977194937139,97.7779876112546,-60.7506604408765,83.2822286120793,-70.7284684496109,74.9120325176102,-28.9350798062731,91.6383923332209
8.475,-0.839248595323582,1.67755547472521,-1.08516137816076,1.43830548986595,-1.2328839294976,1.32567257032865,-0.503106415796989,1.62611668737951,-48.085402474324,96.1168486008195,-62.1751670592113,82.408834219815,-70.6390457897172,75.9554432960912,-28.8258742711214,93.1696231826405
8.5,-0.808398839905759,1.64583546539235,-1.10960478422926,1.41583327533335,-1.25534072255594,1.29815680689839,-0.503419056584978,1.64665158147587,-46.3178416898719,94.2994259399312,-63.575671063861,81.1212711707848,-71.9257252533588,74.3789061814573,-28.8437872687768,94.3461859471096
8.525,-0.805178390917327,1.62043646326272,-1.13481759723945,1.39798593539268,-1.26332221258996,1.3108866043033,-0.501205220789631,1.6605226275919,-46.1333235546976,92.8441703140596,-65.0202588389974,80.0986939166489,-72.3830309465335,75.1082698468148,-28.7169438211684,95.1409383469894
8.55,-0.834442872158237,1.61718880783097,-1.14437186642463,1.42359202952271,-1.26387857574581,1.33184658534118,-0.501098302621984,1.63693899432911,-47.8100548194415,92.6580933645078,-65.5676781396399,81.5658150401145,-72.4149082072403,76.3091882989597,-28.710817861409,93.7896956954474
8.575,-0.857473232687794,1.61134032977161,-1.13339053744872,1.44769975555061,-1.25658987067699,1.36026677213919,-0.525189776860217,1.63105730236224,-49.1295972784498,92.3230002551316,-64.9384943358756,82.9470859951707,-71.9972961686817,77.9375450554591,-30.0911576575079,93.4526995693495
8.6,-0.876479793661364,1.59985488444561,-1.1089102488042,1.47580600061471,-1.24307206261441,1.39079810876546,-0.549358042479875,1.62534579992686,-50.2185930052934,91.6649327121232,-63.5358771152828,84.5574552153041,-71.2227828184276,79.6868617870378,-31.4758972756655,93.1254545851236
8.625,-0.894233213134768,1.58591426205544,-1.0767961901335,1.50620641717331,-1.22356017334591,1.42084687139389,-0.573240918194512,1.61881704784547,-51.2357890130448,90.8661938853809,-61.6958770904163,86.2992707795515,-70.1048339130159,81.4085290652372,-32.8442852567496,92.7513846453729
8.65,-0.911975664592958,1.5708720640057,-1.04375460402032,1.53686016848792,-1.20039509945116,1.45055634284458,-0.597579882757768,1.61196252629751,-52.2523565998148,90.0043394225314,-59.802733657713,88.0556013561227,-68.7775729467382,83.1107563909264,-34.2388052039426,92.3586494900933
8.675,-0.930108355251055,1.55514408821189,-1.01090207715405,1.56746624990155,-1.17607856506302,1.47595611101261,-0.622545187669002,1.60476683281931,-53.2912832457401,89.103192789262,-57.9204225219356,89.8092006485574,-67.3843381539128,84.5660559075651,-35.6692118096136,91.9463666231227
8.7,-0.948790901645113,1.53879140141567,-0.978233277763989,1.59797413834679,-1.15320562618605,1.48626315290244,-0.648141976327054,1.59697049971278,-54.361714304677,88.1662528521393,-56.0486381951253,91.5571738983255,-66.0738152912019,85.156605907117,-37.1357997688083,91.4996696404403
8.725,-0.967796485293083,1.52159795544767,-0.945653130528783,1.62836957869646,-1.13461578450775,1.47146335132997,-0.6740086221266,1.58805260382436,-55.4506540348885,87.1811409628863,-54.1819332626332,93.298704346803,-65.008695821219,84.308639739383,-38.6178494032821,90.9887118438968
8.75,-0.986184675659823,1.50324745370796,-0.912957753938031,1.65858238128679,-1.12056810382135,1.45134398243562,-0.699048536694229,1.57739328878276,-56.5042197357858,86.1297346612537,-52.3086261743923,95.0297704224907,-64.2038230059407,83.1558848152701,-40.0525308273754,90.3779780795128
8.775,-1.00261823081351,1.48119694284211,-0.880368139239486,1.68748611299963,-1.11191972577555,1.42353476185386,-0.724158685982275,1.566550692499,-57.4457930884877,84.8663334525329,-50.4413787962082,96.6858322618152,-63.7083074442826,81.5625338443871,-41.4912364045239,89.7567430734893
8.8,-1.01824269785552,1.4578595332139,-0.850049606597802,1.7129284347797,-1.10156440687388,1.40224977474686,-0.752041862995703,1.58692526900351,-58.3410091071358,83.5291983760687,-48.70425483481,98.1435699208269,-63.1149913757053,80.3429939161657,-43.0888247668095,90.924120316564
8.825,-1.03054113255481,1.43778648354903,-0.818160148801077,1.74163660277438,-1.07871565859404,1.42020027807634,-0.734482380439163,1.60034402474917,-59.0456575100223,82.3790973483153,-46.8771234920971,99.7884267844747,-61.8058545321137,81.3714819970799,-42.0827405258861,91.6929583871071
8.85,-1.04763827950106,1.42123465332974,-0.786562086186014,1.76351630707982,-1.05712263787822,1.44690298873343,-0.704203421910995,1.59181048788076,-60.0252518717578,81.4307473335327,-45.0666878634639,101.04204149817,-60.5686655781584,82.9014346192902,-40.3478839941704,91.2040227402278
8.875,-1.0642432024284,1.40144560278773,-0.754467293073647,1.7500995209076,-1.04478784592669,1.46942302164714,-0.674867946358298,1.58478033785933,-60.9766438746343,80.2969182569046,-43.2277916737797,100.273316275873,-59.8619340581636,84.1917374597415,-38.6670850549917,90.8012248146561
8.9,-1.08088596662448,1.38666796661989,-0.722526784691049,1.73365854122602,-1.03079884560716,1.49393395864926,-0.650329001579653,1.57178122517056,-61.9302040225011,79.4502220733075,-41.3977353479547,99.3313175290579,-59.0604233802479,85.5961107018743,-37.2611070854708,90.056430520175
8.925,-1.09462478898952,1.37071483818119,-0.691625049925484,1.73077438844517,-1.0132230062221,1.51402868371262,-0.666732575720764,1.56145177533562,-62.7173805594975,78.5361751437397,-39.6271963662551,99.1660677472444,-58.0534019620836,86.7474536384805,-38.2009626526864,89.4645966399408
8.95,-1.10630626658465,1.35169646867489,-0.660729403335562,1.7425003194509,-0.992755337147161,1.52677509989546,-0.687372319151673,1.55353179974001,-63.3866799241753,77.4465028378088,-37.8570062113248,99.8379141047344,-56.8806909076194,87.4777694896747,-39.3835328415103,89.0108154644656
8.975,-1.11444440402427,1.32637031324406,-0.634687288252147,1.73523143123499,-0.988081103034903,1.50250711788216,-0.708268849075912,1.54481840023193,-63.8529608525632,75.9954210203297,-36.3649029274512,99.42143748821,-56.612877020531,86.0873165430129,-40.580815812638,88.511574447441
9,-1.11930478520876,1.30005699723504,-0.608895840037804,1.71901894223957,-0.973723754706662,1.49247849723439,-0.718848956049967,1.55602529663468,-64.1314401812594,74.4877790680186,-34.8871617972391,98.4925302933703,-55.7902615563236,85.5127189055581,-41.1870112890483,89.1536823127591
9.025,-1.12176683791759,1.27312785841261,-0.579279090465165,1.70743240279109,-0.94633360137808,1.5040557527457,-0.700568854482211,1.55690588739023,-64.2725054104136,72.9448530675717,-33.190247043831,97.8286704838105,-54.2209213703796,86.176046784701,-40.1396386201454,89.2041364465303
9.05,-1.12687464791398,1.24515284707134,-0.551447687879483,1.6886358665102,-0.916531552230572,1.52946743441619,-0.680095736567172,1.5446080891436,-64.5651613657617,71.342002985886,-31.5956251377419,96.7517082854509,-52.513389733386,87.6320288947497,-38.96661537014,88.4995245096948
9.075,-1.13390985987397,1.217627078895,-0.534330976429039,1.66068594909835,-0.892238060951413,1.55413553969288,-0.693730553586712,1.53104887850231,-64.9682493190491,69.7648926415262,-30.6149098124882,95.1502959800131,-51.1214752134523,89.0454072156885,-39.7478328397928,87.7226389664205
9.1,-1.14126758599701,1.19059216407733,-0.548607500741431,1.63125632319318,-0.894687052594286,1.53134858042106,-0.718937485306998,1.53059518630825,-65.3898159727122,68.2159061229784,-31.4328944017042,93.4641026229976,-51.2617920986517,87.7398106214766,-41.1920836418396,87.6966443185029
9.125,-1.14415677021805,1.1650543438252,-0.556589106406165,1.6034648207963,-0.901030406477455,1.50709349633843,-0.71903423303163,1.55154590424832,-65.5553540348137,66.7526968045672,-31.8902067200311,91.8717668293289,-51.6252395041152,86.3500966718069,-41.1976268781385,88.8970320342376
9.15,-1.15168807849648,1.19157533258568,-0.5808516333197,1.59644779023845,-0.916544061329399,1.48929171484363,-0.734288100707875,1.53572556200041,-65.9868662133795,68.2722375290568,-33.2803471124993,91.4697205936499,-52.5141064519542,85.3301297243407,-42.0716091172384,87.9905931929801
9.175,-1.1484131122934,1.21908469608945,-0.606879661271277,1.58594134027604,-0.937095016754083,1.47476762707458,-0.749785361754344,1.53651461455553,-65.7992244718954,69.8484079549139,-34.7716432631731,90.867745353138,-53.6915894627502,84.497960793897,-42.9595367692136,88.0358025742023
9.2,-1.14065052976883,1.24858965944196,-0.632320298769544,1.57202377305462,-0.959598941439228,1.46163608115024,-0.741996441314506,1.55944450252229,-65.3544612551157,71.5389178297009,-36.2292844199461,90.0703274902614,-54.9809693696892,83.7455786339498,-42.5132645010477,89.3495883794052
9.225,-1.12793442807997,1.27805094296035,-0.658122079109429,1.55565200072912,-0.984407694446063,1.4492561184637,-0.715515607011552,1.57977411140597,-64.6258822964848,73.2269250343433,-37.7076175373452,89.1322940328609,-56.4024062119634,83.0362590214819,-40.9960244575031,90.5143891675918
9.25,-1.11124424866505,1.30789202364795,-0.684644140238107,1.53790103869769,-1.01100230358273,1.43672595250568,-0.684197558112059,1.58392585183913,-63.6696054566938,74.936693013852,-39.2272197040064,88.115238826163,-57.9261650732944,82.3183333954888,-39.2016324329779,90.7522663720457
9.275,-1.09123454310193,1.33819217936434,-0.711968822640303,1.51967999582157,-1.03883428960542,1.42358271450738,-0.653499676859223,1.5851759767747,-62.5231337786271,76.6727640549906,-40.7928086821876,87.0712499710344,-59.5208204078614,81.56528132905,-37.4427733971966,90.8238932547183
9.3,-1.06838527755556,1.36876640147079,-0.740119863152895,1.50137559338954,-1.06751198527639,1.40943497254699,-0.622991724462003,1.58661693694807,-61.2139672978467,78.4245379435853,-42.4057444924609,86.02248496517,-61.163931335969,80.7546754250794,-35.6947964832498,90.9064541910989
9.325,-1.04394155340798,1.39938655951011,-0.769203678827162,1.48299344684643,-1.09705656251572,1.39415074119144,-0.592674362125861,1.59096716490096,-59.8134450686082,80.1789437672621,-44.0721243827328,84.9692655498592,-62.8567109192809,79.8789534753053,-33.9577395754201,91.1557038927193
9.35,-1.01858405009383,1.429984981251,-0.799240265059781,1.46444397446751,-1.12746449609061,1.37761181181786,-0.562380278957945,1.59861473880807,-58.3605671497182,81.9321041927766,-45.7930940048427,83.9064590703524,-64.5989571768361,78.931342624534,-32.2220164656801,91.5938776011109
9.375,-0.992005362850926,1.46048336381892,-0.830198385995423,1.44560479165502,-1.15871616046384,1.35971512811061,-0.532029587235154,1.60825161394568,-56.8377205457019,83.6795327958937,-47.5668636761106,82.8270534057214,-66.3895456481815,77.9059381808282,-30.4830499246616,92.1460298741903
9.4,-0.964476995934127,1.49075777943485,-0.862441072171212,1.4257972581049,-1.19173016159267,1.3405963539988,-0.509681466427188,1.62131269606332,-55.2604613044817,85.4141290379112,-49.4142335141481,81.6921653307358,-68.2811085777037,76.8105131147573,-29.2025969223167,92.8943747554053
9.425,-0.935778195028907,1.52105902269364,-0.895955605270932,1.40525637996176,-1.22585106418904,1.31940092565564,-0.504619281241574,1.62969358757976,-53.6161411355264,87.150262390639,-51.3344748131136,80.5152597056411,-70.2360922896524,75.5961045257225,-28.9125550760673,93.374564467854
9.45,-0.906851934074582,1.55108230142013,-0.930208435396677,1.38470178252579,-1.26032259659234,1.29646485578982,-0.502401113700002,1.64040667024676,-51.9587884657495,88.8704695488121,-53.2970174156973,79.3375680229699,-72.2111656097102,74.2819645237938,-28.7854634376823,93.9883788902478
9.475,-0.877381796749916,1.57319656288859,-0.965212734511851,1.36357239966773,-1.29596287186412,1.27235001789951,-0.501089898568041,1.64801058667984,-50.2702739753752,90.1375233980034,-55.3026160198103,78.1269435614867,-74.2532029634677,72.9002860890367,-28.7103363445873,94.4240512096338
9.5,-0.846387698659001,1.54687668680959,-1.00071705910546,1.34124454716328,-1.33868807293853,1.29163403829012,-0.500152129678306,1.64411984826657,-48.4944429649513,88.6295055813694,-57.3368639734866,76.8476518473913,-76.7011766638789,74.0051790694629,-28.6566061450468,94.201128319364
9.525,-0.821016104231604,1.5178137794277,-1.03473080971151,1.33546002340783,-1.35432432073614,1.30760917032562,-0.500838033524132,1.63518037848141,-47.0407576847438,86.9643236480074,-59.285708328624,76.5162230497106,-77.5970676701031,74.9204867122613,-28.6959055405644,93.6889344295891
9.55,-0.822445458998318,1.49336784919778,-1.05322723808555,1.31915489842321,-1.34874427781722,1.27083361924502,-0.516487063439488,1.66393721188355,-47.1226536803034,85.5636750195621,-60.3454756105223,75.5820082036587,-77.2773547613471,72.8134028460749,-29.5925289081882,95.3365796156929
9.575,-0.844033426745005,1.49007718000647,-1.0766730294639,1.34832751887476,-1.33838515372934,1.29077884332303,-0.50883223728586,1.63997835580376,-48.3595531204531,85.3751335631262,-61.688820503846,77.2534762328698,-76.6838206716592,73.9561800071878,-29.153939676679,93.9638382803594
9.6,-0.862065495624714,1.48351711889084,-1.07007445414273,1.37633893585487,-1.32316203719876,1.31332586564521,-0.526605448556668,1.62682889772543,-49.3927145631496,84.9992697478529,-61.3107499871439,78.8584122040109,-75.8116003434212,75.2480292268361,-30.1722696708907,93.2104298295872
9.625,-0.877867408106852,1.47300101909634,-1.04162464721226,1.40575217341264,-1.30565624340783,1.3401291474435,-0.547230514845334,1.61716919674367,-50.2980974566112,84.3967416126896,-59.6806961220659,80.5436665778868,-74.8085922421745,76.7837441509777,-31.3539989214088,92.656969731974
9.65,-0.893438072930046,1.46006282332438,-1.00884117448801,1.43635825306753,-1.28631729748359,1.36397049176699,-0.569043522117896,1.60820584108133,-51.1902308351931,83.6554376004423,-57.8023414971842,82.2972657695536,-73.7005522604836,78.1497525586319,-32.6037921766147,92.1434072822469
9.675,-0.908747948002381,1.44570431091921,-0.976278581979211,1.46701612809303,-1.26684737996636,1.35754894275681,-0.590976577928215,1.59856761926671,-52.0674220617104,82.8327554395396,-55.9366423764255,84.0538326173542,-72.5850081592784,77.7818249024122,-33.8604637063709,91.5911778502586
9.7,-0.923057617639726,1.42904955843014,-0.944118649940591,1.49748309356,-1.24994213149339,1.32897545059886,-0.612611672106459,1.58788287900269,-52.8873057381568,81.8785084130809,-54.094014001185,85.7994611531823,-71.6164087701573,76.1446843958113,-35.1000632921524,90.9789873279365
9.725,-0.937772937954151,1.40944710822202,-0.923519123524688,1.52744474625593,-1.23939138018368,1.29346127171735,-0.643272715920216,1.60150122470579,-53.7304314863564,80.7553707480403,-52.9137480775855,87.5161373998955,-71.0118952494191,74.1098718330282,-36.8568116981464,91.7592610606744
9.75,-0.955436477792012,1.3971539051272,-0.930382266866408,1.56016186777572,-1.22850365713499,1.31107055727128,-0.645939413852816,1.60461130150083,-54.7424777703271,80.0510220940102,-53.3069772252594,89.3906903807963,-70.388074670222,75.1188095755089,-37.0096022349206,91.9374553349915
9.775,-0.973031415578189,1.38712436161872,-0.916876249910941,1.58553920301106,-1.21835756878408,1.32213145933536,-0.621573315672095,1.61844685408661,-55.7505934462703,79.476371580531,-52.533139455679,90.8447045850697,-69.806746629148,75.7525525813885,-35.6135276459639,92.730174105388
9.8,-0.990118291393034,1.37636542163901,-0.891318232564264,1.61169841538967,-1.21148708629528,1.34254495500004,-0.590600490626632,1.62759292547363,-56.729599315525,78.8599297276592,-51.0687729289923,92.3435170497507,-69.413096979321,76.9221597280834,-33.8389154912618,93.2542053949897
9.825,-1.00703155038183,1.36544096643516,-0.862562089275711,1.63087457531056,-1.20576579939204,1.36336859378869,-0.558738888733204,1.61278820424281,-57.6986576733947,78.2340045509987,-49.4211672834848,93.4422300804859,-69.085291386382,78.1152663447777,-32.0133801742423,92.4059573515959
9.85,-1.02417133456065,1.35500115285271,-0.832924468284663,1.64290413446792,-1.20091933578191,1.3843509825091,-0.528697039657043,1.58375810892169,-58.6806949686061,77.635847293821,-47.7230566858894,94.1314730496055,-68.8076094759576,79.3174686625605,-30.2921090134093,90.7426554108332
9.875,-1.04123649288764,1.34425706781899,-0.803495390153672,1.64978140890543,-1.19677813859536,1.40525737005228,-0.509959120603201,1.55686783333495,-59.6584565174651,77.0202565666592,-46.0368947140228,94.5255118494276,-68.5703363550367,80.5153164336495,-29.2185053347663,89.2019561097694
9.9,-1.05137306973002,1.32782171948892,-0.780907999714656,1.64100149536738,-1.18391056307056,1.4171801774774,-0.526088461654227,1.54592770636866,-60.239239589244,76.0785804725189,-44.7427325716531,94.022459859208,-67.8330785849002,81.1984429790561,-30.1426485033172,88.5751330072641
9.925,-1.06015192869791,1.31217455405099,-0.754217934200438,1.66245644378782,-1.1590151723519,1.43714752595615,-0.542177515463055,1.53646900418613,-60.7422311570446,75.1820639315829,-43.2135044627607,95.2517378533697,-66.4066777673916,82.3424877749551,-31.064483382922,88.0331892925338
9.95,-1.06556032488453,1.28786062011343,-0.727651907480885,1.6728449584107,-1.1445780387172,1.42167116546744,-0.560863732236301,1.52813558147133,-61.0521094324726,73.7889781336005,-41.6913832532986,95.8469558966706,-65.5794909418569,81.4557576367292,-32.1351247390955,87.5557193420775
9.975,-1.07008336358071,1.26050830202385,-0.713898823406057,1.67045513607375,-1.13803377986561,1.39228751681718,-0.585639159780935,1.53946038235292,-61.3112604603379,72.2218057471685,-40.9033895805223,95.7100291629776,-65.2045325296194,79.7721985823739,-33.5546521730353,88.2045826364182
10,-1.07098660152617,1.23681918234292,-0.690917180951335,1.68535186532708,-1.11535351697272,1.4079019007857,-0.56940216117214,1.54535315998689,-61.3630121825088,70.8645191690708,-39.5866384615881,96.5635488777424,-63.9050491876101,80.6668368834671,-32.6243406807915,88.5422139244536
